State,District,Date,Year,Month,Avg_rainfall
Delhi,South East,2024-03-27,2024,3,0.049069
Maharashtra,Hingoli,2024-06-16,2024,6,3.228350
Delhi,South West,2024-04-12,2024,4,0.582854
Maharashtra,Raigad,2025-01-05,2025,1,0.000056
Delhi,New Delhi,2025-04-08,2025,4,0.000000
Delhi,West,2024-02-08,2024,2,0.000725
Delhi,East,2024-09-15,2024,9,0.091807
Maharashtra,Satara,2025-05-05,2025,5,0.000000
Maharashtra,Dhule,2024-08-26,2024,8,4.401221
Maharashtra,Gadchiroli,2024-10-20,2024,10,5.416641
Maharashtra,Pune,2024-10-18,2024,10,10.596347
Maharashtra,Yavatmal,2024-03-08,2024,3,0.000000
Maharashtra,Jalna,2024-08-21,2024,8,5.743870
Delhi,Shahdara,2024-01-06,2024,1,0.000000
Maharashtra,Satara,2025-04-27,2025,4,0.569951
Maharashtra,Aurangabad,2024-01-04,2024,1,0.000000
Delhi,Central,2025-02-18,2025,2,0.000000
Maharashtra,Gadchiroli,2025-03-16,2025,3,0.000000
Maharashtra,Gondia,2024-05-24,2024,5,0.000000
Maharashtra,Buldhana,2025-04-04,2025,4,1.531466
Maharashtra,Nandurbar,2024-07-18,2024,7,0.384783
Delhi,North West,2025-05-09,2025,5,0.012098
