booking_id,customer_id,cab_id,booking_time,pickup_location,dropoff_location,status
B00001,C0060,CAB0035,2024-08-10 23:13:14,Tambaram,Chennai,Completed
B00002,C0072,CAB0006,2025-02-05 19:30:16,Gachibowli,Hyderabad,Completed
B00003,C0035,CAB0065,2025-02-23 20:23:59,Noida,Delhi,Completed
B00004,C0050,CAB0027,2024-03-28 02:14:41,Bengaluru,Mumbai,Completed
B00005,C0007,CAB0045,2025-06-12 10:54:03,Pune,Mumbai,Ongoing
B00006,C0057,CAB0038,2025-03-04 18:32:45,Chennai,Tambaram,Completed
B00007,C0019,CAB0004,2025-07-27 21:15:39,Ahmedabad,Gandhinagar,Cancelled
B00008,C0001,CAB0049,2024-08-13 04:07:28,Kolkata,Bengaluru,Completed
B00009,C0014,CAB0039,2024-11-28 03:59:00,Chennai,Ahmedabad,Completed
B00010,C0019,CAB0042,2025-04-19 18:42:20,Kolkata,Bengaluru,Completed
B00011,C0036,CAB0023,2024-11-28 01:29:14,Hyderabad,Secunderabad,Completed
B00012,C0085,CAB0046,2024-01-07 18:17:26,Bengaluru,Hyderabad,Completed
B00013,C0015,CAB0051,2025-08-09 23:44:42,Chennai,Bengaluru,Completed
B00014,C0061,CAB0063,2025-09-13 03:25:07,Mumbai,Pune,Completed
B00015,C0097,CAB0024,2025-01-16 18:15:52,Electronic City,Bengaluru,Completed
B00016,C0021,CAB0051,2024-12-31 19:25:45,Bengaluru,Delhi,Completed
B00017,C0005,CAB0033,2024-11-09 14:49:56,Howrah,Kolkata,Completed
B00018,C0035,CAB0051,2025-03-07 16:01:17,Thane,Mumbai,Completed
B00019,C0098,CAB0022,2025-08-31 10:51:02,Hyderabad,Mumbai,Completed
B00020,C0065,CAB0067,2024-11-17 23:57:50,Bengaluru,Hyderabad,Completed
B00021,C0085,CAB0053,2025-05-13 21:18:00,Pune,Kolkata,Completed
B00022,C0014,CAB0039,2024-12-14 14:27:45,Kolkata,Ahmedabad,Ongoing
B00023,C0087,CAB0044,2024-11-28 22:02:18,Hinjewadi,Pune,Completed
B00024,C0011,CAB0007,2025-08-30 02:35:45,Delhi,Pune,Cancelled
B00025,C0008,CAB0067,2024-03-15 10:00:14,Bengaluru,Delhi,Completed
B00026,C0015,CAB0062,2025-07-19 04:37:50,Chennai,Pune,Completed
B00027,C0003,CAB0062,2024-12-09 05:54:19,Bengaluru,Electronic City,Completed
B00028,C0037,CAB0071,2024-11-17 21:39:55,Delhi,Noida,Completed
B00029,C0004,CAB0014,2025-07-03 21:47:45,Ahmedabad,Gandhinagar,Completed
B00030,C0026,CAB0040,2025-01-20 17:09:53,Bengaluru,Electronic City,Completed
B00031,C0097,CAB0072,2025-07-02 12:00:46,Mumbai,Delhi,Completed
B00032,C0076,CAB0053,2025-08-16 21:05:56,Bengaluru,Kolkata,Completed
B00033,C0011,CAB0068,2025-09-05 12:26:06,Gachibowli,Hyderabad,Completed
B00034,C0077,CAB0046,2024-07-12 06:54:47,Mumbai,Delhi,Cancelled
B00035,C0084,CAB0044,2025-09-29 13:38:06,Mumbai,Pune,Cancelled
B00036,C0008,CAB0060,2025-02-27 04:11:53,Ahmedabad,Gandhinagar,Completed
B00037,C0010,CAB0071,2025-02-13 07:07:59,Mumbai,Bengaluru,Completed
B00038,C0004,CAB0007,2025-01-13 06:49:23,Bengaluru,Hyderabad,Cancelled
B00039,C0008,CAB0016,2025-08-28 06:17:49,Delhi,Pune,Completed
B00040,C0068,CAB0023,2024-10-23 15:47:16,Delhi,Bengaluru,Completed
B00041,C0055,CAB0045,2025-04-25 14:06:25,Chennai,Bengaluru,Cancelled
B00042,C0035,CAB0007,2024-08-22 03:33:43,Ahmedabad,Pune,Completed
B00043,C0057,CAB0046,2024-09-23 11:50:42,Pune,Ahmedabad,Completed
B00044,C0066,CAB0055,2025-02-21 07:34:42,Delhi,Gurgaon,Completed
B00045,C0001,CAB0006,2024-03-21 05:31:45,Hyderabad,Secunderabad,Ongoing
B00046,C0079,CAB0045,2025-03-25 06:52:10,Ahmedabad,Bengaluru,Completed
B00047,C0030,CAB0002,2024-07-13 14:10:52,Hyderabad,Secunderabad,Completed
B00048,C0077,CAB0024,2025-05-24 09:26:33,Hyderabad,Secunderabad,Completed
B00049,C0007,CAB0070,2025-03-05 08:22:17,Kolkata,Ahmedabad,Completed
B00050,C0037,CAB0074,2024-11-02 19:16:43,Chennai,Hyderabad,Cancelled
B00051,C0039,CAB0005,2025-05-17 02:56:53,Bengaluru,Hyderabad,Completed
B00052,C0041,CAB0033,2025-09-27 17:15:58,Kolkata,Mumbai,Completed
B00053,C0083,CAB0065,2025-03-25 08:12:32,Delhi,Bengaluru,Cancelled
B00054,C0067,CAB0054,2024-11-22 00:33:24,Delhi,Mumbai,Completed
B00055,C0090,CAB0068,2025-06-02 18:49:09,Ahmedabad,Hyderabad,Completed
B00056,C0002,CAB0043,2025-09-24 06:32:58,Kolkata,Delhi,Ongoing
B00057,C0064,CAB0009,2024-11-12 19:22:51,Pune,Chennai,Cancelled
B00058,C0078,CAB0035,2024-08-23 12:11:31,Kolkata,Salt Lake,Completed
B00059,C0008,CAB0037,2025-05-04 04:22:36,Bengaluru,Ahmedabad,Cancelled
B00060,C0060,CAB0042,2024-05-27 14:44:05,Hyderabad,Secunderabad,Completed
B00061,C0083,CAB0078,2025-06-28 03:55:50,Chennai,Hyderabad,Completed
B00062,C0041,CAB0079,2024-02-07 15:40:20,Kolkata,Salt Lake,Completed
B00063,C0067,CAB0032,2025-04-17 23:01:02,Pune,Kolkata,Completed
B00064,C0083,CAB0052,2025-08-22 19:17:02,Bengaluru,Electronic City,Completed
B00065,C0030,CAB0040,2025-04-25 18:33:05,Mumbai,Pune,Completed
B00066,C0009,CAB0026,2024-02-28 14:31:56,Mumbai,Navi Mumbai,Completed
B00067,C0094,CAB0008,2025-09-05 13:57:34,Hyderabad,Delhi,Completed
B00068,C0092,CAB0047,2025-01-03 05:47:29,Kolkata,Mumbai,Completed
B00069,C0050,CAB0042,2024-10-22 13:56:51,Mumbai,Pune,Completed
B00070,C0088,CAB0014,2025-08-07 05:04:41,Mumbai,Pune,Completed
B00071,C0060,CAB0076,2024-12-14 08:40:12,Thane,Mumbai,Completed
B00072,C0098,CAB0051,2024-02-11 01:06:07,Bengaluru,Electronic City,Cancelled
B00073,C0023,CAB0029,2024-11-05 01:30:45,Chennai,Tambaram,Completed
B00074,C0024,CAB0040,2025-06-15 21:15:04,Mumbai,Pune,Completed
B00075,C0020,CAB0003,2024-10-18 10:02:46,Kolkata,Salt Lake,Completed
B00076,C0084,CAB0056,2025-01-10 16:33:58,Noida,Delhi,Completed
B00077,C0012,CAB0053,2024-08-19 22:50:31,Bengaluru,Hyderabad,Completed
B00078,C0064,CAB0001,2024-03-07 21:39:16,Thane,Mumbai,Completed
B00079,C0063,CAB0074,2024-01-02 11:37:33,Delhi,Ahmedabad,Completed
B00080,C0074,CAB0076,2025-01-30 06:52:15,Ahmedabad,Gandhinagar,Completed
B00081,C0040,CAB0043,2024-08-09 21:19:32,Mumbai,Delhi,Completed
B00082,C0071,CAB0043,2024-02-11 05:47:54,Delhi,Mumbai,Completed
B00083,C0099,CAB0021,2025-02-21 04:26:50,Chennai,Bengaluru,Ongoing
B00084,C0065,CAB0078,2024-06-20 00:36:48,Bengaluru,Hyderabad,Cancelled
B00085,C0013,CAB0032,2025-07-31 04:45:08,Delhi,Mumbai,Completed
B00086,C0073,CAB0005,2024-05-20 00:47:35,Pune,Mumbai,Completed
B00087,C0005,CAB0013,2025-07-08 20:14:13,Maninagar,Ahmedabad,Completed
B00088,C0021,CAB0050,2025-02-09 22:05:33,Hyderabad,Secunderabad,Completed
B00089,C0059,CAB0018,2025-03-20 04:24:14,Howrah,Kolkata,Completed
B00090,C0051,CAB0026,2024-08-29 07:28:33,Pune,Ahmedabad,Completed
B00091,C0047,CAB0050,2025-05-20 03:39:27,Kolkata,Bengaluru,Completed
B00092,C0100,CAB0016,2024-12-22 08:51:00,Kolkata,Pune,Cancelled
B00093,C0071,CAB0053,2025-09-15 13:42:14,Ahmedabad,Bengaluru,Completed
B00094,C0060,CAB0024,2024-03-09 03:32:23,Chennai,Kolkata,Cancelled
B00095,C0045,CAB0009,2024-08-27 07:45:25,Ahmedabad,Gandhinagar,Completed
B00096,C0028,CAB0011,2024-05-08 12:37:43,Kolkata,Ahmedabad,Completed
B00097,C0031,CAB0013,2025-02-23 15:40:40,Bengaluru,Kolkata,Completed
B00098,C0065,CAB0010,2024-05-11 11:54:47,Delhi,Mumbai,Completed
B00099,C0084,CAB0045,2025-08-04 02:31:49,Tambaram,Chennai,Completed
B00100,C0091,CAB0072,2025-01-17 09:31:02,Ahmedabad,Gandhinagar,Cancelled
B00101,C0091,CAB0042,2024-01-03 22:56:34,Mumbai,Kolkata,Completed
B00102,C0036,CAB0007,2024-05-30 09:45:26,Delhi,Bengaluru,Cancelled
B00103,C0060,CAB0073,2025-02-19 14:21:24,Mumbai,Chennai,Completed
B00104,C0071,CAB0051,2025-03-01 22:10:00,Kolkata,Salt Lake,Completed
B00105,C0033,CAB0042,2025-08-01 22:03:58,Howrah,Kolkata,Completed
B00106,C0034,CAB0037,2024-05-05 10:40:42,Bengaluru,Hyderabad,Completed
B00107,C0090,CAB0042,2025-01-06 08:24:59,Delhi,Chennai,Completed
B00108,C0029,CAB0068,2024-05-15 23:55:49,Kolkata,Salt Lake,Completed
B00109,C0094,CAB0056,2025-04-07 10:30:29,Gachibowli,Hyderabad,Completed
B00110,C0065,CAB0053,2024-07-09 22:10:16,Mumbai,Pune,Completed
B00111,C0078,CAB0014,2024-06-04 03:50:08,Mumbai,Hyderabad,Completed
B00112,C0060,CAB0031,2024-11-07 15:42:12,Delhi,Bengaluru,Completed
B00113,C0046,CAB0004,2024-03-09 16:52:41,Mumbai,Navi Mumbai,Completed
B00114,C0100,CAB0001,2025-05-29 10:04:12,Pune,Kolkata,Completed
B00115,C0078,CAB0055,2024-01-24 12:18:48,Bengaluru,Hyderabad,Completed
B00116,C0021,CAB0047,2025-03-09 18:48:26,Delhi,Ahmedabad,Cancelled
B00117,C0059,CAB0051,2025-06-14 16:02:46,Mumbai,Kolkata,Cancelled
B00118,C0065,CAB0072,2025-08-01 16:36:52,Ahmedabad,Bengaluru,Completed
B00119,C0069,CAB0040,2025-09-01 06:44:43,Chennai,Ahmedabad,Cancelled
B00120,C0069,CAB0070,2025-08-03 04:29:36,Hinjewadi,Pune,Completed
B00121,C0079,CAB0079,2024-05-04 09:16:14,Chennai,Tambaram,Cancelled
B00122,C0021,CAB0077,2024-03-01 22:14:54,Hinjewadi,Pune,Cancelled
B00123,C0036,CAB0065,2024-06-17 18:09:32,Electronic City,Bengaluru,Completed
B00124,C0004,CAB0058,2024-10-15 15:08:25,Electronic City,Bengaluru,Completed
B00125,C0002,CAB0075,2024-02-18 11:29:33,Mumbai,Navi Mumbai,Completed
B00126,C0076,CAB0073,2024-11-22 08:52:42,Delhi,Gurgaon,Completed
B00127,C0040,CAB0059,2025-09-29 13:06:42,Hyderabad,Bengaluru,Completed
B00128,C0020,CAB0055,2024-04-26 09:54:31,Chennai,Tambaram,Completed
B00129,C0089,CAB0076,2024-01-03 12:11:00,Chennai,Bengaluru,Completed
B00130,C0079,CAB0057,2025-06-20 02:02:15,Kolkata,Ahmedabad,Completed
B00131,C0089,CAB0054,2025-07-23 14:18:03,Pune,Bengaluru,Completed
B00132,C0100,CAB0080,2025-08-02 08:27:29,Pune,Hyderabad,Completed
B00133,C0013,CAB0010,2024-04-16 21:44:14,Chennai,Ahmedabad,Completed
B00134,C0067,CAB0073,2024-12-15 18:37:33,Delhi,Noida,Completed
B00135,C0003,CAB0008,2024-07-13 12:12:46,Chennai,Tambaram,Completed
B00136,C0083,CAB0035,2025-02-16 15:31:01,Maninagar,Ahmedabad,Completed
B00137,C0036,CAB0016,2024-12-02 02:49:55,Mumbai,Navi Mumbai,Completed
B00138,C0026,CAB0025,2024-05-28 08:44:19,Hyderabad,Secunderabad,Completed
B00139,C0094,CAB0005,2024-03-25 13:46:18,Maninagar,Ahmedabad,Completed
B00140,C0029,CAB0053,2024-12-07 17:51:33,Hyderabad,Bengaluru,Ongoing
B00141,C0060,CAB0054,2025-06-21 08:51:35,Delhi,Gurgaon,Completed
B00142,C0098,CAB0061,2024-09-15 18:48:02,Hyderabad,Secunderabad,Cancelled
B00143,C0039,CAB0036,2024-05-29 00:02:57,Bengaluru,Pune,Cancelled
B00144,C0005,CAB0056,2025-03-03 23:27:28,Kolkata,Mumbai,Completed
B00145,C0047,CAB0001,2025-01-25 09:43:56,Mumbai,Pune,Completed
B00146,C0023,CAB0060,2024-03-11 13:10:33,Chennai,Delhi,Completed
B00147,C0055,CAB0064,2024-09-04 19:54:50,Mumbai,Ahmedabad,Cancelled
B00148,C0077,CAB0072,2024-03-06 02:24:59,Hinjewadi,Pune,Cancelled
B00149,C0071,CAB0065,2024-10-17 03:53:46,Howrah,Kolkata,Completed
B00150,C0040,CAB0049,2024-03-24 14:52:29,Mumbai,Pune,Completed
B00151,C0003,CAB0072,2025-03-13 11:50:59,Chennai,Bengaluru,Completed
B00152,C0100,CAB0028,2024-06-07 05:14:00,Pune,Mumbai,Completed
B00153,C0007,CAB0056,2025-04-15 13:12:06,Delhi,Mumbai,Completed
B00154,C0087,CAB0065,2024-11-24 14:57:30,Hyderabad,Ahmedabad,Completed
B00155,C0030,CAB0039,2024-04-19 07:41:41,Ahmedabad,Gandhinagar,Cancelled
B00156,C0067,CAB0040,2024-05-02 17:55:18,Thane,Mumbai,Completed
B00157,C0056,CAB0059,2025-02-15 13:05:16,Bengaluru,Hyderabad,Cancelled
B00158,C0019,CAB0063,2025-02-17 10:09:24,Gachibowli,Hyderabad,Completed
B00159,C0068,CAB0012,2024-05-10 07:11:16,Chennai,Bengaluru,Completed
B00160,C0090,CAB0062,2025-05-22 02:51:16,Delhi,Mumbai,Completed
B00161,C0007,CAB0055,2024-08-27 16:05:54,Pune,Pimpri,Completed
B00162,C0057,CAB0018,2025-09-06 11:04:32,Ahmedabad,Mumbai,Completed
B00163,C0024,CAB0074,2025-05-07 13:48:07,Chennai,Bengaluru,Cancelled
B00164,C0099,CAB0018,2024-02-14 16:37:29,Thane,Mumbai,Completed
B00165,C0041,CAB0046,2025-01-18 08:17:59,Kolkata,Chennai,Completed
B00166,C0027,CAB0023,2025-05-03 02:37:10,Howrah,Kolkata,Cancelled
B00167,C0078,CAB0076,2025-08-21 16:50:53,Gachibowli,Hyderabad,Completed
B00168,C0020,CAB0012,2024-08-31 07:30:55,Mumbai,Bengaluru,Completed
B00169,C0087,CAB0017,2024-03-21 11:16:26,Bengaluru,Electronic City,Completed
B00170,C0065,CAB0011,2024-03-29 15:27:26,Mumbai,Navi Mumbai,Completed
B00171,C0057,CAB0014,2025-05-15 16:56:06,Delhi,Gurgaon,Completed
B00172,C0027,CAB0063,2024-05-13 19:31:57,Electronic City,Bengaluru,Completed
B00173,C0070,CAB0053,2024-03-05 06:35:58,Noida,Delhi,Completed
B00174,C0086,CAB0029,2025-06-04 21:49:24,Chennai,Bengaluru,Completed
B00175,C0013,CAB0037,2025-03-02 18:58:55,Kolkata,Salt Lake,Cancelled
B00176,C0031,CAB0066,2024-02-08 09:02:54,Delhi,Mumbai,Cancelled
B00177,C0003,CAB0027,2024-05-07 09:08:45,Mumbai,Pune,Cancelled
B00178,C0099,CAB0041,2024-09-13 22:03:54,Noida,Delhi,Completed
B00179,C0023,CAB0063,2024-04-15 00:58:59,Chennai,Tambaram,Completed
B00180,C0048,CAB0073,2025-02-02 12:15:26,Hyderabad,Secunderabad,Completed
B00181,C0093,CAB0045,2024-07-20 18:26:17,Bengaluru,Electronic City,Ongoing
B00182,C0036,CAB0025,2024-06-01 12:41:18,Pune,Pimpri,Completed
B00183,C0002,CAB0071,2024-04-02 19:40:36,Maninagar,Ahmedabad,Cancelled
B00184,C0083,CAB0001,2024-07-02 07:16:34,Chennai,Tambaram,Completed
B00185,C0063,CAB0031,2025-09-09 02:44:29,Hinjewadi,Pune,Completed
B00186,C0083,CAB0067,2024-11-07 10:34:09,Ahmedabad,Delhi,Completed
B00187,C0082,CAB0080,2024-08-02 01:23:01,Ahmedabad,Mumbai,Cancelled
B00188,C0077,CAB0060,2025-01-28 10:45:50,Delhi,Ahmedabad,Completed
B00189,C0079,CAB0055,2025-09-03 00:58:24,Electronic City,Bengaluru,Completed
B00190,C0024,CAB0070,2024-06-01 04:09:57,Delhi,Gurgaon,Completed
B00191,C0030,CAB0052,2024-05-03 11:32:21,Mumbai,Kolkata,Completed
B00192,C0076,CAB0023,2024-03-03 05:11:22,Mumbai,Hyderabad,Cancelled
B00193,C0044,CAB0040,2025-03-25 19:50:58,Bengaluru,Pune,Cancelled
B00194,C0056,CAB0009,2024-11-05 15:34:43,Noida,Delhi,Completed
B00195,C0022,CAB0039,2024-01-29 16:59:34,Howrah,Kolkata,Completed
B00196,C0056,CAB0046,2024-10-31 15:43:55,Ahmedabad,Mumbai,Ongoing
B00197,C0044,CAB0065,2024-12-25 14:59:14,Hinjewadi,Pune,Completed
B00198,C0022,CAB0017,2025-08-11 17:03:49,Electronic City,Bengaluru,Completed
B00199,C0025,CAB0018,2024-09-18 23:59:39,Delhi,Noida,Completed
B00200,C0090,CAB0008,2025-07-20 04:05:11,Howrah,Kolkata,Ongoing
B00201,C0060,CAB0063,2024-09-27 01:01:03,Bengaluru,Ahmedabad,Completed
B00202,C0096,CAB0024,2025-09-09 02:28:32,Electronic City,Bengaluru,Completed
B00203,C0012,CAB0047,2025-06-17 05:36:51,Ahmedabad,Hyderabad,Completed
B00204,C0032,CAB0060,2024-05-12 20:43:29,Thane,Mumbai,Cancelled
B00205,C0009,CAB0001,2025-03-11 08:06:05,Bengaluru,Kolkata,Completed
B00206,C0056,CAB0041,2024-03-27 22:36:59,Kolkata,Mumbai,Completed
B00207,C0091,CAB0029,2024-04-18 08:22:43,Tambaram,Chennai,Ongoing
B00208,C0038,CAB0076,2025-09-28 02:02:57,Gachibowli,Hyderabad,Completed
B00209,C0043,CAB0056,2024-08-10 02:27:06,Delhi,Pune,Cancelled
B00210,C0022,CAB0048,2024-03-18 09:30:30,Thane,Mumbai,Completed
B00211,C0044,CAB0055,2025-05-25 05:39:57,Bengaluru,Hyderabad,Completed
B00212,C0082,CAB0034,2024-04-19 04:51:14,Howrah,Kolkata,Ongoing
B00213,C0055,CAB0043,2025-08-03 16:08:58,Noida,Delhi,Completed
B00214,C0014,CAB0019,2025-07-08 19:04:18,Delhi,Noida,Cancelled
B00215,C0074,CAB0039,2025-03-25 05:49:42,Delhi,Mumbai,Completed
B00216,C0043,CAB0062,2024-03-16 02:24:42,Ahmedabad,Kolkata,Completed
B00217,C0095,CAB0031,2024-01-04 00:07:21,Hyderabad,Bengaluru,Completed
B00218,C0090,CAB0060,2025-07-09 13:43:03,Pune,Mumbai,Cancelled
B00219,C0094,CAB0064,2024-09-28 12:52:51,Delhi,Noida,Completed
B00220,C0026,CAB0048,2024-10-14 23:29:57,Pune,Chennai,Ongoing
B00221,C0046,CAB0065,2024-12-17 07:08:36,Mumbai,Navi Mumbai,Completed
B00222,C0017,CAB0053,2024-10-01 14:33:03,Mumbai,Pune,Completed
B00223,C0025,CAB0072,2025-08-13 07:32:23,Bengaluru,Pune,Completed
B00224,C0037,CAB0018,2024-09-30 23:50:05,Hyderabad,Kolkata,Completed
B00225,C0100,CAB0071,2025-05-04 08:35:58,Noida,Delhi,Completed
B00226,C0079,CAB0031,2025-09-22 11:47:27,Kolkata,Ahmedabad,Completed
B00227,C0020,CAB0017,2025-03-17 01:46:37,Bengaluru,Electronic City,Cancelled
B00228,C0050,CAB0029,2025-04-07 11:53:09,Hyderabad,Pune,Completed
B00229,C0018,CAB0038,2024-01-09 02:54:33,Mumbai,Bengaluru,Cancelled
B00230,C0040,CAB0013,2025-07-18 13:42:00,Bengaluru,Hyderabad,Completed
B00231,C0021,CAB0040,2024-02-14 01:21:15,Chennai,Tambaram,Cancelled
B00232,C0026,CAB0018,2024-11-17 04:31:35,Electronic City,Bengaluru,Completed
B00233,C0029,CAB0058,2025-02-11 02:13:59,Tambaram,Chennai,Completed
B00234,C0031,CAB0002,2024-11-14 06:25:09,Delhi,Pune,Completed
B00235,C0023,CAB0060,2025-03-30 04:19:28,Kolkata,Salt Lake,Completed
B00236,C0062,CAB0074,2024-12-01 09:15:07,Pune,Kolkata,Completed
B00237,C0032,CAB0007,2024-07-13 05:10:36,Pune,Hyderabad,Completed
B00238,C0082,CAB0045,2024-01-14 00:10:26,Kolkata,Ahmedabad,Cancelled
B00239,C0027,CAB0076,2024-02-27 03:56:05,Ahmedabad,Pune,Completed
B00240,C0068,CAB0039,2024-09-12 23:29:04,Pune,Chennai,Completed
B00241,C0048,CAB0076,2025-01-11 16:45:14,Bengaluru,Electronic City,Completed
B00242,C0048,CAB0043,2024-07-13 16:17:23,Delhi,Mumbai,Completed
B00243,C0072,CAB0005,2024-02-22 18:44:07,Chennai,Tambaram,Completed
B00244,C0097,CAB0011,2024-05-11 09:09:30,Hinjewadi,Pune,Completed
B00245,C0061,CAB0028,2025-05-30 21:23:02,Delhi,Chennai,Completed
B00246,C0060,CAB0057,2024-07-04 00:40:48,Ahmedabad,Pune,Completed
B00247,C0032,CAB0051,2025-07-14 00:24:23,Hyderabad,Secunderabad,Completed
B00248,C0063,CAB0054,2024-10-22 20:35:43,Tambaram,Chennai,Completed
B00249,C0016,CAB0027,2024-07-01 04:27:34,Ahmedabad,Hyderabad,Completed
B00250,C0027,CAB0013,2024-03-05 23:35:51,Kolkata,Ahmedabad,Completed
B00251,C0054,CAB0059,2025-06-10 14:09:43,Mumbai,Bengaluru,Completed
B00252,C0019,CAB0051,2024-09-14 00:18:25,Hyderabad,Mumbai,Completed
B00253,C0028,CAB0016,2025-07-21 14:12:25,Electronic City,Bengaluru,Completed
B00254,C0096,CAB0033,2025-04-05 07:11:49,Pune,Chennai,Completed
B00255,C0049,CAB0054,2025-07-31 22:14:07,Pune,Pimpri,Cancelled
B00256,C0004,CAB0044,2025-09-01 18:06:20,Hyderabad,Bengaluru,Completed
B00257,C0026,CAB0002,2024-11-25 05:30:48,Delhi,Mumbai,Completed
B00258,C0036,CAB0046,2025-08-10 15:21:20,Mumbai,Navi Mumbai,Completed
B00259,C0037,CAB0069,2025-02-09 07:55:53,Mumbai,Pune,Cancelled
B00260,C0037,CAB0067,2024-12-22 21:54:56,Delhi,Mumbai,Completed
B00261,C0026,CAB0019,2025-07-01 17:58:21,Gachibowli,Hyderabad,Completed
B00262,C0061,CAB0060,2025-01-12 04:24:39,Delhi,Mumbai,Completed
B00263,C0083,CAB0063,2025-02-05 22:47:17,Ahmedabad,Mumbai,Completed
B00264,C0027,CAB0052,2024-07-18 03:50:02,Howrah,Kolkata,Completed
B00265,C0040,CAB0028,2025-07-22 04:46:05,Pune,Pimpri,Completed
B00266,C0083,CAB0072,2025-04-12 15:36:09,Kolkata,Ahmedabad,Completed
B00267,C0013,CAB0039,2024-02-27 06:04:37,Pune,Pimpri,Completed
B00268,C0042,CAB0060,2025-08-03 23:22:41,Mumbai,Pune,Completed
B00269,C0091,CAB0017,2025-08-09 18:58:33,Gachibowli,Hyderabad,Completed
B00270,C0048,CAB0017,2024-01-25 17:09:02,Delhi,Hyderabad,Completed
B00271,C0036,CAB0027,2025-05-02 04:37:33,Thane,Mumbai,Completed
B00272,C0039,CAB0065,2024-06-30 17:41:27,Delhi,Mumbai,Completed
B00273,C0051,CAB0070,2024-05-31 09:56:53,Mumbai,Navi Mumbai,Completed
B00274,C0023,CAB0059,2024-07-28 18:46:38,Thane,Mumbai,Completed
B00275,C0074,CAB0021,2025-01-20 12:38:44,Hyderabad,Kolkata,Completed
B00276,C0096,CAB0001,2024-03-08 00:36:02,Delhi,Ahmedabad,Cancelled
B00277,C0040,CAB0028,2024-04-18 14:01:48,Ahmedabad,Gandhinagar,Ongoing
B00278,C0040,CAB0007,2024-12-16 11:55:05,Tambaram,Chennai,Ongoing
B00279,C0058,CAB0017,2024-04-13 13:26:34,Hinjewadi,Pune,Cancelled
B00280,C0023,CAB0029,2025-06-18 06:25:41,Delhi,Ahmedabad,Completed
B00281,C0080,CAB0014,2024-07-28 04:31:52,Kolkata,Ahmedabad,Completed
B00282,C0011,CAB0061,2024-04-16 07:13:29,Delhi,Kolkata,Cancelled
B00283,C0028,CAB0011,2024-11-13 05:16:56,Hinjewadi,Pune,Completed
B00284,C0042,CAB0023,2025-01-22 12:11:05,Kolkata,Bengaluru,Completed
B00285,C0094,CAB0058,2025-06-10 01:07:32,Hyderabad,Mumbai,Cancelled
B00286,C0054,CAB0011,2024-03-03 12:55:33,Noida,Delhi,Completed
B00287,C0069,CAB0026,2025-05-11 06:32:46,Ahmedabad,Chennai,Completed
B00288,C0033,CAB0014,2024-12-05 02:43:55,Bengaluru,Hyderabad,Ongoing
B00289,C0004,CAB0015,2024-10-20 23:00:52,Maninagar,Ahmedabad,Completed
B00290,C0007,CAB0059,2024-06-02 14:50:26,Delhi,Mumbai,Completed
B00291,C0028,CAB0076,2025-06-19 09:14:15,Pune,Chennai,Completed
B00292,C0096,CAB0057,2025-09-29 00:22:30,Hyderabad,Bengaluru,Cancelled
B00293,C0036,CAB0042,2024-02-04 19:16:57,Ahmedabad,Gandhinagar,Completed
B00294,C0048,CAB0030,2025-05-20 01:20:05,Kolkata,Ahmedabad,Completed
B00295,C0050,CAB0030,2025-04-13 16:46:47,Howrah,Kolkata,Completed
B00296,C0064,CAB0075,2025-01-19 20:56:15,Kolkata,Salt Lake,Cancelled
B00297,C0030,CAB0061,2025-03-26 11:33:46,Pune,Mumbai,Completed
B00298,C0052,CAB0038,2025-03-09 21:27:19,Mumbai,Navi Mumbai,Cancelled
B00299,C0061,CAB0053,2025-06-04 03:25:20,Noida,Delhi,Completed
B00300,C0004,CAB0080,2024-07-19 22:46:39,Delhi,Chennai,Cancelled
B00301,C0056,CAB0013,2024-03-30 10:56:34,Maninagar,Ahmedabad,Cancelled
B00302,C0016,CAB0052,2025-06-10 20:44:52,Delhi,Mumbai,Completed
B00303,C0052,CAB0080,2025-03-20 19:10:44,Ahmedabad,Hyderabad,Completed
B00304,C0063,CAB0040,2024-08-14 20:44:48,Gachibowli,Hyderabad,Completed
B00305,C0072,CAB0008,2024-07-02 19:27:30,Delhi,Noida,Completed
B00306,C0069,CAB0047,2025-09-04 12:23:08,Hyderabad,Delhi,Completed
B00307,C0038,CAB0035,2025-05-04 08:36:28,Mumbai,Pune,Completed
B00308,C0046,CAB0013,2024-04-14 12:19:46,Mumbai,Hyderabad,Completed
B00309,C0074,CAB0029,2024-09-20 04:58:09,Hyderabad,Secunderabad,Ongoing
B00310,C0054,CAB0047,2025-05-31 13:20:04,Chennai,Tambaram,Completed
B00311,C0033,CAB0051,2025-09-19 19:59:11,Bengaluru,Pune,Completed
B00312,C0098,CAB0060,2025-07-22 11:08:07,Ahmedabad,Gandhinagar,Cancelled
B00313,C0023,CAB0022,2024-02-06 01:22:10,Pune,Pimpri,Completed
B00314,C0008,CAB0023,2025-05-22 10:16:21,Delhi,Ahmedabad,Completed
B00315,C0091,CAB0003,2025-03-03 13:33:23,Chennai,Mumbai,Completed
B00316,C0081,CAB0027,2025-06-25 22:33:19,Noida,Delhi,Cancelled
B00317,C0038,CAB0006,2024-09-11 05:20:32,Tambaram,Chennai,Completed
B00318,C0061,CAB0080,2025-01-25 08:46:43,Bengaluru,Electronic City,Completed
B00319,C0063,CAB0068,2024-12-27 16:52:04,Hyderabad,Secunderabad,Cancelled
B00320,C0028,CAB0036,2024-04-13 18:49:56,Delhi,Gurgaon,Completed
B00321,C0006,CAB0047,2025-04-15 15:39:45,Maninagar,Ahmedabad,Completed
B00322,C0024,CAB0038,2025-06-23 09:50:39,Ahmedabad,Gandhinagar,Completed
B00323,C0006,CAB0001,2024-07-23 17:00:33,Gachibowli,Hyderabad,Completed
B00324,C0057,CAB0021,2024-04-04 09:08:27,Delhi,Chennai,Cancelled
B00325,C0032,CAB0001,2024-11-29 15:23:16,Mumbai,Chennai,Cancelled
B00326,C0072,CAB0015,2024-01-26 05:35:42,Mumbai,Pune,Completed
B00327,C0011,CAB0029,2024-02-05 01:54:16,Hyderabad,Secunderabad,Completed
B00328,C0005,CAB0018,2024-06-07 23:55:29,Delhi,Noida,Completed
B00329,C0058,CAB0004,2025-01-22 20:55:42,Ahmedabad,Gandhinagar,Ongoing
B00330,C0023,CAB0052,2025-01-11 16:43:19,Pune,Delhi,Completed
B00331,C0054,CAB0045,2025-04-16 03:44:22,Ahmedabad,Gandhinagar,Completed
B00332,C0014,CAB0080,2024-01-23 03:19:11,Kolkata,Ahmedabad,Cancelled
B00333,C0023,CAB0061,2024-01-10 17:43:40,Howrah,Kolkata,Cancelled
B00334,C0045,CAB0005,2024-04-19 20:58:14,Kolkata,Bengaluru,Completed
B00335,C0078,CAB0057,2024-04-21 00:24:14,Mumbai,Navi Mumbai,Completed
B00336,C0075,CAB0042,2024-06-24 15:31:38,Gachibowli,Hyderabad,Cancelled
B00337,C0082,CAB0041,2024-01-11 10:58:01,Maninagar,Ahmedabad,Completed
B00338,C0040,CAB0044,2024-12-13 20:39:40,Ahmedabad,Mumbai,Completed
B00339,C0073,CAB0021,2024-11-11 17:06:54,Pune,Mumbai,Completed
B00340,C0058,CAB0022,2025-03-17 03:54:47,Ahmedabad,Gandhinagar,Completed
B00341,C0067,CAB0042,2025-03-04 15:35:13,Thane,Mumbai,Completed
B00342,C0100,CAB0075,2024-01-07 16:15:45,Chennai,Ahmedabad,Completed
B00343,C0099,CAB0071,2024-06-29 14:39:37,Chennai,Pune,Completed
B00344,C0078,CAB0071,2025-09-27 21:19:13,Gachibowli,Hyderabad,Completed
B00345,C0018,CAB0072,2024-12-18 14:39:11,Hyderabad,Mumbai,Cancelled
B00346,C0095,CAB0061,2025-08-09 11:46:55,Delhi,Chennai,Completed
B00347,C0092,CAB0064,2024-12-06 09:16:29,Delhi,Noida,Completed
B00348,C0055,CAB0017,2025-06-26 06:27:50,Kolkata,Salt Lake,Completed
B00349,C0008,CAB0043,2024-10-25 21:35:50,Howrah,Kolkata,Completed
B00350,C0035,CAB0071,2024-08-09 14:23:50,Ahmedabad,Gandhinagar,Completed
B00351,C0061,CAB0008,2025-05-05 12:34:02,Kolkata,Ahmedabad,Completed
B00352,C0026,CAB0039,2025-03-20 01:27:32,Chennai,Ahmedabad,Completed
B00353,C0063,CAB0080,2025-05-24 04:51:22,Delhi,Mumbai,Completed
B00354,C0056,CAB0075,2025-03-17 15:33:04,Pune,Pimpri,Completed
B00355,C0035,CAB0030,2025-02-24 08:10:45,Delhi,Noida,Completed
B00356,C0084,CAB0033,2024-07-25 13:18:56,Mumbai,Chennai,Completed
B00357,C0054,CAB0038,2024-09-29 09:42:03,Ahmedabad,Gandhinagar,Completed
B00358,C0093,CAB0048,2024-07-24 15:53:20,Chennai,Bengaluru,Cancelled
B00359,C0065,CAB0019,2024-07-05 18:35:58,Mumbai,Navi Mumbai,Completed
B00360,C0001,CAB0047,2024-06-01 21:12:14,Delhi,Mumbai,Completed
B00361,C0062,CAB0034,2024-01-30 06:38:21,Chennai,Hyderabad,Completed
B00362,C0082,CAB0024,2025-02-08 00:26:39,Thane,Mumbai,Completed
B00363,C0095,CAB0051,2025-03-05 06:40:37,Kolkata,Bengaluru,Completed
B00364,C0005,CAB0060,2024-04-17 16:11:30,Kolkata,Bengaluru,Completed
B00365,C0059,CAB0054,2025-05-15 07:53:28,Thane,Mumbai,Completed
B00366,C0018,CAB0049,2025-04-04 23:47:55,Kolkata,Salt Lake,Completed
B00367,C0097,CAB0001,2025-05-08 08:12:05,Pune,Bengaluru,Completed
B00368,C0075,CAB0013,2025-09-22 12:11:47,Kolkata,Chennai,Completed
B00369,C0010,CAB0040,2024-09-19 19:13:27,Bengaluru,Hyderabad,Completed
B00370,C0040,CAB0011,2024-04-04 13:23:45,Kolkata,Ahmedabad,Completed
B00371,C0005,CAB0071,2025-01-25 10:43:22,Bengaluru,Electronic City,Completed
B00372,C0024,CAB0042,2025-05-30 19:34:56,Ahmedabad,Bengaluru,Completed
B00373,C0009,CAB0037,2024-05-03 07:20:35,Bengaluru,Hyderabad,Cancelled
B00374,C0083,CAB0019,2025-08-03 14:55:02,Kolkata,Hyderabad,Completed
B00375,C0042,CAB0063,2024-03-31 03:14:38,Ahmedabad,Gandhinagar,Completed
B00376,C0077,CAB0042,2025-08-17 10:12:08,Ahmedabad,Gandhinagar,Completed
B00377,C0063,CAB0062,2025-05-29 07:03:15,Ahmedabad,Gandhinagar,Cancelled
B00378,C0024,CAB0001,2024-08-08 05:10:35,Bengaluru,Hyderabad,Completed
B00379,C0078,CAB0054,2024-08-03 04:05:29,Bengaluru,Electronic City,Cancelled
B00380,C0041,CAB0079,2025-06-15 02:34:34,Pune,Mumbai,Completed
B00381,C0033,CAB0031,2024-02-07 07:59:51,Delhi,Ahmedabad,Cancelled
B00382,C0026,CAB0075,2025-07-22 05:09:11,Mumbai,Navi Mumbai,Completed
B00383,C0012,CAB0074,2025-08-19 16:32:22,Kolkata,Ahmedabad,Completed
B00384,C0053,CAB0066,2025-03-06 16:43:02,Bengaluru,Electronic City,Completed
B00385,C0077,CAB0055,2025-04-17 14:30:06,Ahmedabad,Gandhinagar,Completed
B00386,C0054,CAB0009,2024-04-11 23:54:27,Mumbai,Pune,Completed
B00387,C0059,CAB0071,2024-04-09 02:33:49,Kolkata,Salt Lake,Completed
B00388,C0001,CAB0051,2025-01-13 07:54:06,Ahmedabad,Gandhinagar,Completed
B00389,C0054,CAB0035,2024-03-10 15:06:06,Delhi,Gurgaon,Completed
B00390,C0061,CAB0040,2024-03-20 08:34:16,Tambaram,Chennai,Cancelled
B00391,C0066,CAB0053,2024-05-05 04:22:01,Maninagar,Ahmedabad,Completed
B00392,C0046,CAB0023,2025-03-23 11:41:01,Kolkata,Salt Lake,Completed
B00393,C0002,CAB0058,2024-08-14 20:38:46,Thane,Mumbai,Completed
B00394,C0006,CAB0075,2024-06-12 14:37:22,Howrah,Kolkata,Completed
B00395,C0055,CAB0078,2024-07-08 05:24:34,Ahmedabad,Kolkata,Completed
B00396,C0054,CAB0021,2025-08-26 16:50:54,Chennai,Tambaram,Completed
B00397,C0048,CAB0039,2025-01-01 12:17:51,Ahmedabad,Mumbai,Completed
B00398,C0011,CAB0011,2025-01-08 18:03:41,Mumbai,Navi Mumbai,Completed
B00399,C0088,CAB0072,2024-02-07 04:49:53,Hinjewadi,Pune,Completed
B00400,C0027,CAB0005,2024-11-15 04:36:57,Delhi,Hyderabad,Completed
B00401,C0004,CAB0062,2024-04-12 16:54:09,Kolkata,Salt Lake,Completed
B00402,C0016,CAB0008,2024-03-01 22:34:44,Pune,Mumbai,Completed
B00403,C0091,CAB0056,2025-08-15 13:05:30,Bengaluru,Hyderabad,Completed
B00404,C0090,CAB0033,2024-02-24 12:35:48,Pune,Chennai,Completed
B00405,C0086,CAB0076,2024-01-21 22:40:06,Pune,Mumbai,Completed
B00406,C0087,CAB0053,2024-11-14 03:42:57,Ahmedabad,Gandhinagar,Completed
B00407,C0037,CAB0008,2025-06-23 09:11:38,Bengaluru,Hyderabad,Completed
B00408,C0040,CAB0027,2024-06-03 08:50:39,Kolkata,Hyderabad,Completed
B00409,C0096,CAB0030,2025-06-15 10:08:14,Mumbai,Kolkata,Cancelled
B00410,C0020,CAB0022,2025-07-28 11:52:28,Bengaluru,Electronic City,Completed
B00411,C0019,CAB0022,2024-11-16 01:40:18,Delhi,Mumbai,Completed
B00412,C0047,CAB0075,2024-03-05 19:52:18,Noida,Delhi,Cancelled
B00413,C0033,CAB0018,2025-04-03 14:27:03,Bengaluru,Chennai,Completed
B00414,C0065,CAB0057,2024-10-25 09:18:48,Delhi,Mumbai,Completed
B00415,C0060,CAB0029,2025-01-30 23:22:06,Hinjewadi,Pune,Completed
B00416,C0025,CAB0042,2025-04-29 09:20:05,Mumbai,Chennai,Completed
B00417,C0100,CAB0070,2025-07-21 14:43:39,Ahmedabad,Gandhinagar,Completed
B00418,C0051,CAB0003,2025-08-29 00:07:45,Chennai,Bengaluru,Completed
B00419,C0008,CAB0067,2025-08-17 11:22:16,Kolkata,Salt Lake,Completed
B00420,C0090,CAB0013,2024-06-01 03:38:52,Mumbai,Ahmedabad,Completed
B00421,C0008,CAB0005,2024-04-15 15:06:56,Delhi,Mumbai,Completed
B00422,C0086,CAB0058,2025-05-20 05:40:17,Kolkata,Ahmedabad,Completed
B00423,C0052,CAB0046,2024-06-24 16:54:31,Bengaluru,Hyderabad,Completed
B00424,C0009,CAB0023,2025-07-06 00:57:19,Noida,Delhi,Completed
B00425,C0040,CAB0051,2025-03-12 03:59:36,Pune,Pimpri,Completed
B00426,C0047,CAB0052,2024-12-25 09:43:51,Ahmedabad,Hyderabad,Completed
B00427,C0097,CAB0054,2024-04-30 14:21:28,Delhi,Kolkata,Completed
B00428,C0066,CAB0023,2024-01-13 06:07:16,Chennai,Ahmedabad,Completed
B00429,C0041,CAB0040,2025-07-12 07:04:20,Hyderabad,Secunderabad,Completed
B00430,C0100,CAB0062,2024-05-12 16:28:49,Ahmedabad,Delhi,Ongoing
B00431,C0056,CAB0054,2024-12-17 19:37:38,Ahmedabad,Bengaluru,Cancelled
B00432,C0030,CAB0070,2025-04-10 16:41:46,Bengaluru,Ahmedabad,Cancelled
B00433,C0084,CAB0009,2025-09-24 11:37:56,Delhi,Ahmedabad,Completed
B00434,C0021,CAB0047,2024-08-25 19:21:21,Mumbai,Bengaluru,Completed
B00435,C0071,CAB0029,2024-04-16 12:27:28,Chennai,Hyderabad,Cancelled
B00436,C0058,CAB0056,2024-09-26 12:09:47,Pune,Delhi,Completed
B00437,C0042,CAB0024,2024-12-26 05:50:06,Pune,Mumbai,Completed
B00438,C0039,CAB0045,2025-02-19 23:52:23,Ahmedabad,Mumbai,Completed
B00439,C0065,CAB0021,2024-08-14 06:54:06,Chennai,Hyderabad,Completed
B00440,C0071,CAB0054,2025-04-11 12:47:48,Mumbai,Kolkata,Completed
B00441,C0055,CAB0061,2024-03-18 23:29:25,Chennai,Delhi,Completed
B00442,C0065,CAB0013,2024-01-24 16:40:57,Pune,Mumbai,Completed
B00443,C0098,CAB0017,2024-01-24 00:40:39,Delhi,Gurgaon,Completed
B00444,C0023,CAB0047,2024-07-07 07:21:56,Hinjewadi,Pune,Completed
B00445,C0080,CAB0044,2024-10-21 23:16:04,Hyderabad,Secunderabad,Completed
B00446,C0081,CAB0058,2025-07-08 23:20:26,Ahmedabad,Gandhinagar,Completed
B00447,C0083,CAB0048,2025-03-19 03:25:11,Hyderabad,Chennai,Completed
B00448,C0054,CAB0051,2025-08-20 21:45:40,Mumbai,Bengaluru,Completed
B00449,C0009,CAB0072,2025-07-18 01:10:23,Chennai,Kolkata,Cancelled
B00450,C0037,CAB0038,2025-09-26 02:00:54,Mumbai,Navi Mumbai,Completed
B00451,C0016,CAB0030,2024-05-20 19:20:18,Hyderabad,Secunderabad,Completed
B00452,C0081,CAB0027,2025-04-23 00:18:22,Bengaluru,Hyderabad,Cancelled
B00453,C0072,CAB0039,2025-05-21 19:20:14,Mumbai,Kolkata,Completed
B00454,C0065,CAB0013,2024-07-15 13:30:33,Ahmedabad,Pune,Completed
B00455,C0011,CAB0030,2024-12-14 04:24:33,Bengaluru,Hyderabad,Completed
B00456,C0023,CAB0032,2025-03-16 10:03:40,Mumbai,Delhi,Completed
B00457,C0020,CAB0076,2024-09-06 16:24:40,Howrah,Kolkata,Completed
B00458,C0056,CAB0015,2024-12-10 19:17:24,Ahmedabad,Pune,Completed
B00459,C0047,CAB0029,2025-03-05 20:59:38,Ahmedabad,Gandhinagar,Completed
B00460,C0096,CAB0059,2025-01-19 10:28:21,Kolkata,Salt Lake,Completed
B00461,C0019,CAB0027,2025-04-09 00:23:09,Gachibowli,Hyderabad,Completed
B00462,C0054,CAB0008,2024-01-27 00:17:21,Delhi,Noida,Completed
B00463,C0036,CAB0020,2024-09-22 03:26:22,Bengaluru,Ahmedabad,Completed
B00464,C0049,CAB0030,2024-11-04 05:59:34,Kolkata,Ahmedabad,Cancelled
B00465,C0009,CAB0069,2024-08-24 21:36:55,Mumbai,Kolkata,Completed
B00466,C0042,CAB0044,2025-03-17 13:35:23,Mumbai,Navi Mumbai,Completed
B00467,C0051,CAB0046,2024-04-11 02:36:09,Kolkata,Ahmedabad,Completed
B00468,C0004,CAB0054,2024-04-17 14:24:17,Pune,Mumbai,Completed
B00469,C0041,CAB0001,2025-04-13 19:50:26,Chennai,Tambaram,Cancelled
B00470,C0019,CAB0076,2025-01-17 01:21:03,Mumbai,Pune,Completed
B00471,C0050,CAB0059,2024-12-09 21:38:04,Noida,Delhi,Completed
B00472,C0013,CAB0048,2025-03-30 19:04:05,Delhi,Kolkata,Completed
B00473,C0096,CAB0044,2024-07-16 17:13:01,Bengaluru,Electronic City,Completed
B00474,C0001,CAB0009,2025-06-29 11:26:40,Pune,Pimpri,Completed
B00475,C0030,CAB0019,2024-09-27 11:35:28,Mumbai,Navi Mumbai,Completed
B00476,C0036,CAB0061,2025-06-13 01:59:52,Noida,Delhi,Cancelled
B00477,C0003,CAB0020,2024-11-09 01:29:08,Ahmedabad,Kolkata,Cancelled
B00478,C0004,CAB0039,2024-01-04 05:54:54,Hinjewadi,Pune,Completed
B00479,C0062,CAB0001,2024-10-07 03:08:03,Kolkata,Ahmedabad,Completed
B00480,C0061,CAB0031,2025-03-21 15:08:36,Bengaluru,Hyderabad,Ongoing
B00481,C0074,CAB0067,2025-06-15 18:30:27,Hyderabad,Kolkata,Completed
B00482,C0001,CAB0073,2025-07-25 13:05:20,Bengaluru,Electronic City,Completed
B00483,C0020,CAB0030,2024-03-29 11:03:23,Hyderabad,Secunderabad,Completed
B00484,C0053,CAB0052,2024-07-09 07:07:20,Kolkata,Bengaluru,Completed
B00485,C0100,CAB0027,2025-04-08 17:36:56,Pune,Mumbai,Completed
B00486,C0013,CAB0029,2025-02-15 11:37:51,Pune,Pimpri,Completed
B00487,C0046,CAB0080,2024-07-06 00:48:33,Delhi,Mumbai,Completed
B00488,C0082,CAB0051,2024-05-03 07:09:56,Pune,Delhi,Completed
B00489,C0066,CAB0072,2025-09-06 05:29:47,Chennai,Mumbai,Completed
B00490,C0002,CAB0049,2024-06-17 13:45:51,Pune,Ahmedabad,Completed
B00491,C0077,CAB0002,2025-09-25 20:38:41,Delhi,Mumbai,Completed
B00492,C0052,CAB0045,2025-05-14 06:28:36,Howrah,Kolkata,Completed
B00493,C0075,CAB0036,2025-03-02 10:41:52,Ahmedabad,Delhi,Completed
B00494,C0094,CAB0034,2024-10-06 14:36:44,Kolkata,Ahmedabad,Completed
B00495,C0064,CAB0019,2024-07-09 06:17:10,Hinjewadi,Pune,Completed
B00496,C0037,CAB0001,2024-04-14 03:42:15,Chennai,Mumbai,Completed
B00497,C0086,CAB0039,2024-04-23 12:02:51,Pune,Mumbai,Completed
B00498,C0072,CAB0077,2024-02-05 05:55:07,Chennai,Bengaluru,Completed
B00499,C0071,CAB0047,2024-01-02 13:13:33,Ahmedabad,Gandhinagar,Completed
B00500,C0097,CAB0060,2024-08-21 05:07:38,Delhi,Gurgaon,Completed
B00501,C0066,CAB0015,2024-07-30 22:01:36,Hyderabad,Delhi,Cancelled
B00502,C0058,CAB0019,2024-04-02 05:28:53,Gachibowli,Hyderabad,Completed
B00503,C0055,CAB0035,2024-05-22 22:19:11,Kolkata,Pune,Cancelled
B00504,C0053,CAB0043,2025-09-24 09:19:43,Tambaram,Chennai,Cancelled
B00505,C0074,CAB0008,2025-02-24 02:50:37,Maninagar,Ahmedabad,Completed
B00506,C0068,CAB0009,2024-06-22 06:27:36,Kolkata,Salt Lake,Completed
B00507,C0033,CAB0053,2024-03-30 06:33:38,Bengaluru,Chennai,Completed
B00508,C0002,CAB0070,2024-04-18 03:29:02,Delhi,Bengaluru,Completed
B00509,C0095,CAB0071,2024-09-28 14:37:17,Mumbai,Kolkata,Cancelled
B00510,C0061,CAB0023,2024-12-25 11:23:11,Kolkata,Hyderabad,Completed
B00511,C0090,CAB0070,2025-05-28 20:41:41,Chennai,Tambaram,Cancelled
B00512,C0025,CAB0058,2024-02-13 10:30:01,Mumbai,Pune,Completed
B00513,C0043,CAB0065,2024-10-02 09:38:53,Kolkata,Salt Lake,Completed
B00514,C0045,CAB0036,2025-06-29 01:15:27,Kolkata,Mumbai,Completed
B00515,C0079,CAB0034,2024-10-19 11:57:09,Thane,Mumbai,Completed
B00516,C0054,CAB0019,2024-07-16 04:52:42,Kolkata,Chennai,Completed
B00517,C0038,CAB0015,2024-06-20 18:14:07,Howrah,Kolkata,Completed
B00518,C0065,CAB0032,2024-05-24 18:20:27,Delhi,Gurgaon,Completed
B00519,C0099,CAB0003,2024-09-15 22:28:18,Chennai,Mumbai,Completed
B00520,C0091,CAB0077,2025-09-11 10:29:12,Pune,Mumbai,Completed
B00521,C0014,CAB0044,2025-07-06 14:25:48,Pune,Delhi,Completed
B00522,C0074,CAB0063,2024-09-07 10:19:40,Bengaluru,Delhi,Completed
B00523,C0034,CAB0041,2025-04-11 23:45:42,Mumbai,Pune,Completed
B00524,C0073,CAB0044,2025-05-30 02:25:55,Pune,Hyderabad,Cancelled
B00525,C0008,CAB0061,2024-09-25 18:08:48,Thane,Mumbai,Completed
B00526,C0090,CAB0015,2025-03-12 23:41:51,Ahmedabad,Gandhinagar,Completed
B00527,C0030,CAB0014,2024-11-28 10:27:55,Ahmedabad,Gandhinagar,Completed
B00528,C0089,CAB0075,2024-05-13 00:28:17,Delhi,Ahmedabad,Cancelled
B00529,C0082,CAB0010,2024-04-27 19:32:11,Mumbai,Navi Mumbai,Completed
B00530,C0016,CAB0002,2024-04-21 23:40:57,Mumbai,Ahmedabad,Completed
B00531,C0079,CAB0041,2024-04-21 14:14:27,Hinjewadi,Pune,Completed
B00532,C0036,CAB0075,2024-05-11 19:44:59,Mumbai,Delhi,Completed
B00533,C0016,CAB0061,2025-05-07 17:58:50,Tambaram,Chennai,Completed
B00534,C0028,CAB0069,2024-08-18 06:47:34,Ahmedabad,Chennai,Completed
B00535,C0057,CAB0025,2025-04-14 02:10:23,Bengaluru,Electronic City,Completed
B00536,C0062,CAB0072,2024-12-25 20:54:53,Hyderabad,Mumbai,Completed
B00537,C0055,CAB0065,2024-09-30 00:47:27,Chennai,Ahmedabad,Completed
B00538,C0082,CAB0039,2025-03-29 14:25:58,Kolkata,Ahmedabad,Completed
B00539,C0006,CAB0039,2024-03-09 15:39:37,Ahmedabad,Delhi,Completed
B00540,C0069,CAB0063,2025-01-08 15:27:34,Delhi,Noida,Completed
B00541,C0024,CAB0064,2025-01-30 03:43:45,Chennai,Tambaram,Completed
B00542,C0063,CAB0013,2024-06-19 17:31:28,Kolkata,Salt Lake,Completed
B00543,C0051,CAB0016,2025-09-04 13:00:18,Ahmedabad,Chennai,Completed
B00544,C0095,CAB0054,2025-03-14 22:43:57,Howrah,Kolkata,Completed
B00545,C0019,CAB0025,2025-06-12 06:42:49,Ahmedabad,Gandhinagar,Completed
B00546,C0072,CAB0015,2025-06-01 04:51:08,Kolkata,Salt Lake,Completed
B00547,C0051,CAB0038,2024-08-03 01:09:15,Noida,Delhi,Completed
B00548,C0052,CAB0080,2024-06-04 21:59:38,Bengaluru,Chennai,Completed
B00549,C0066,CAB0051,2025-08-31 21:35:35,Mumbai,Delhi,Completed
B00550,C0075,CAB0060,2024-04-20 11:02:55,Electronic City,Bengaluru,Completed
B00551,C0026,CAB0040,2025-02-23 04:52:47,Ahmedabad,Gandhinagar,Completed
B00552,C0054,CAB0012,2025-06-05 01:11:54,Delhi,Gurgaon,Completed
B00553,C0047,CAB0051,2024-06-01 15:23:34,Delhi,Gurgaon,Completed
B00554,C0038,CAB0027,2024-01-22 00:59:36,Delhi,Mumbai,Completed
B00555,C0040,CAB0040,2024-11-21 06:43:39,Thane,Mumbai,Completed
B00556,C0016,CAB0046,2025-01-17 11:31:20,Noida,Delhi,Cancelled
B00557,C0025,CAB0021,2024-11-26 22:56:44,Pune,Hyderabad,Completed
B00558,C0011,CAB0072,2024-03-31 11:02:21,Howrah,Kolkata,Cancelled
B00559,C0032,CAB0025,2025-06-01 21:44:01,Kolkata,Salt Lake,Completed
B00560,C0025,CAB0020,2025-02-02 03:38:22,Noida,Delhi,Completed
B00561,C0039,CAB0034,2025-07-28 07:00:00,Bengaluru,Hyderabad,Completed
B00562,C0093,CAB0043,2025-08-17 14:24:42,Bengaluru,Electronic City,Completed
B00563,C0062,CAB0056,2024-11-15 12:07:03,Hyderabad,Pune,Completed
B00564,C0033,CAB0061,2024-02-21 14:48:38,Noida,Delhi,Completed
B00565,C0044,CAB0074,2025-06-20 23:42:09,Kolkata,Salt Lake,Completed
B00566,C0009,CAB0051,2025-06-08 13:25:48,Bengaluru,Hyderabad,Cancelled
B00567,C0060,CAB0062,2024-02-09 01:54:54,Chennai,Tambaram,Completed
B00568,C0027,CAB0013,2025-01-15 15:19:09,Ahmedabad,Kolkata,Completed
B00569,C0083,CAB0040,2025-04-12 13:40:58,Kolkata,Mumbai,Completed
B00570,C0077,CAB0076,2024-01-10 03:04:02,Noida,Delhi,Ongoing
B00571,C0038,CAB0018,2025-09-26 13:37:01,Pune,Mumbai,Completed
B00572,C0064,CAB0025,2024-02-10 01:40:36,Chennai,Ahmedabad,Completed
B00573,C0074,CAB0061,2025-07-30 11:30:46,Chennai,Tambaram,Ongoing
B00574,C0022,CAB0020,2024-06-17 16:30:34,Delhi,Ahmedabad,Completed
B00575,C0026,CAB0036,2024-08-15 12:46:52,Hyderabad,Pune,Completed
B00576,C0045,CAB0011,2025-02-23 19:10:44,Hyderabad,Pune,Cancelled
B00577,C0008,CAB0003,2024-03-05 13:39:03,Gachibowli,Hyderabad,Cancelled
B00578,C0047,CAB0024,2025-07-07 03:32:00,Mumbai,Navi Mumbai,Completed
B00579,C0030,CAB0028,2024-10-09 19:41:15,Hinjewadi,Pune,Cancelled
B00580,C0068,CAB0024,2025-04-29 18:58:25,Bengaluru,Pune,Completed
B00581,C0034,CAB0001,2025-02-07 16:33:05,Bengaluru,Ahmedabad,Completed
B00582,C0007,CAB0013,2024-10-07 00:33:03,Chennai,Tambaram,Completed
B00583,C0100,CAB0038,2025-05-25 13:34:44,Bengaluru,Hyderabad,Completed
B00584,C0015,CAB0040,2025-01-23 11:04:40,Bengaluru,Pune,Completed
B00585,C0082,CAB0022,2025-01-21 03:09:10,Hyderabad,Delhi,Completed
B00586,C0032,CAB0064,2025-01-07 22:35:56,Tambaram,Chennai,Completed
B00587,C0068,CAB0025,2024-10-05 04:47:13,Bengaluru,Hyderabad,Completed
B00588,C0100,CAB0005,2025-09-13 14:13:07,Howrah,Kolkata,Completed
B00589,C0028,CAB0013,2024-07-21 08:42:11,Hyderabad,Chennai,Completed
B00590,C0045,CAB0001,2025-02-26 21:16:09,Kolkata,Ahmedabad,Completed
B00591,C0005,CAB0049,2025-03-02 17:30:20,Bengaluru,Pune,Completed
B00592,C0043,CAB0042,2025-05-21 00:09:27,Chennai,Tambaram,Completed
B00593,C0013,CAB0018,2025-09-20 15:16:49,Delhi,Chennai,Completed
B00594,C0054,CAB0020,2024-11-16 03:13:55,Hyderabad,Kolkata,Completed
B00595,C0037,CAB0061,2025-05-29 07:08:32,Chennai,Ahmedabad,Completed
B00596,C0022,CAB0074,2025-01-15 15:13:46,Kolkata,Salt Lake,Completed
B00597,C0061,CAB0064,2024-07-03 10:49:52,Noida,Delhi,Completed
B00598,C0068,CAB0069,2024-03-17 11:13:19,Mumbai,Kolkata,Cancelled
B00599,C0046,CAB0075,2025-07-24 11:08:49,Mumbai,Pune,Completed
B00600,C0080,CAB0043,2024-08-09 10:49:27,Ahmedabad,Delhi,Completed
B00601,C0023,CAB0020,2024-07-31 22:30:04,Pune,Pimpri,Cancelled
B00602,C0015,CAB0010,2024-09-10 23:12:30,Bengaluru,Chennai,Cancelled
B00603,C0056,CAB0014,2024-04-01 10:42:41,Bengaluru,Pune,Completed
B00604,C0006,CAB0034,2024-10-29 17:34:24,Ahmedabad,Bengaluru,Completed
B00605,C0003,CAB0010,2024-02-07 14:16:37,Delhi,Mumbai,Completed
B00606,C0032,CAB0013,2024-12-26 00:08:16,Delhi,Noida,Completed
B00607,C0024,CAB0054,2024-07-12 21:49:15,Chennai,Bengaluru,Completed
B00608,C0004,CAB0037,2024-12-19 19:23:20,Howrah,Kolkata,Completed
B00609,C0005,CAB0040,2024-01-10 05:54:41,Gachibowli,Hyderabad,Completed
B00610,C0096,CAB0010,2024-03-18 22:53:59,Tambaram,Chennai,Completed
B00611,C0026,CAB0027,2024-11-11 04:44:19,Mumbai,Pune,Completed
B00612,C0013,CAB0057,2024-05-13 01:29:05,Howrah,Kolkata,Cancelled
B00613,C0035,CAB0060,2024-03-24 01:46:38,Tambaram,Chennai,Completed
B00614,C0008,CAB0029,2025-05-08 00:50:57,Ahmedabad,Gandhinagar,Completed
B00615,C0010,CAB0005,2024-05-10 22:32:35,Electronic City,Bengaluru,Completed
B00616,C0079,CAB0021,2025-04-07 09:03:29,Howrah,Kolkata,Completed
B00617,C0070,CAB0071,2024-11-08 01:03:12,Bengaluru,Electronic City,Completed
B00618,C0026,CAB0060,2025-06-23 00:03:15,Kolkata,Mumbai,Completed
B00619,C0077,CAB0065,2025-07-15 23:12:27,Chennai,Hyderabad,Completed
B00620,C0067,CAB0023,2025-07-15 12:42:28,Pune,Ahmedabad,Completed
B00621,C0060,CAB0019,2025-08-31 21:02:48,Kolkata,Pune,Cancelled
B00622,C0021,CAB0074,2024-10-23 04:57:17,Bengaluru,Electronic City,Completed
B00623,C0023,CAB0065,2024-07-25 00:14:35,Noida,Delhi,Completed
B00624,C0082,CAB0043,2025-03-23 22:39:10,Noida,Delhi,Completed
B00625,C0096,CAB0023,2024-08-04 13:14:29,Bengaluru,Hyderabad,Completed
B00626,C0056,CAB0062,2025-06-28 04:54:51,Maninagar,Ahmedabad,Completed
B00627,C0043,CAB0047,2024-04-25 01:39:04,Gachibowli,Hyderabad,Cancelled
B00628,C0050,CAB0023,2025-09-18 07:23:47,Pune,Mumbai,Completed
B00629,C0067,CAB0077,2024-01-12 13:38:46,Hinjewadi,Pune,Completed
B00630,C0096,CAB0031,2024-04-21 13:08:19,Bengaluru,Hyderabad,Cancelled
B00631,C0018,CAB0002,2024-10-01 14:33:13,Mumbai,Navi Mumbai,Completed
B00632,C0052,CAB0001,2025-04-06 20:40:05,Hinjewadi,Pune,Completed
B00633,C0015,CAB0078,2024-06-28 20:48:46,Chennai,Bengaluru,Completed
B00634,C0065,CAB0073,2025-02-20 03:35:54,Gachibowli,Hyderabad,Completed
B00635,C0094,CAB0020,2024-02-18 18:34:30,Hinjewadi,Pune,Completed
B00636,C0050,CAB0004,2025-06-18 02:30:33,Delhi,Gurgaon,Completed
B00637,C0058,CAB0042,2024-11-04 08:24:51,Ahmedabad,Bengaluru,Completed
B00638,C0083,CAB0001,2024-11-11 23:43:07,Pune,Chennai,Completed
B00639,C0098,CAB0018,2024-09-07 13:48:58,Delhi,Mumbai,Completed
B00640,C0055,CAB0035,2025-04-12 03:39:05,Hyderabad,Bengaluru,Completed
B00641,C0052,CAB0076,2024-04-06 12:26:41,Pune,Mumbai,Completed
B00642,C0059,CAB0064,2025-04-16 21:08:13,Delhi,Hyderabad,Completed
B00643,C0042,CAB0069,2024-02-09 14:15:04,Howrah,Kolkata,Completed
B00644,C0032,CAB0014,2025-03-10 06:35:00,Mumbai,Navi Mumbai,Completed
B00645,C0089,CAB0074,2024-10-06 21:04:45,Kolkata,Mumbai,Cancelled
B00646,C0053,CAB0053,2024-12-06 09:29:39,Chennai,Bengaluru,Completed
B00647,C0043,CAB0077,2024-11-24 22:43:57,Ahmedabad,Gandhinagar,Cancelled
B00648,C0058,CAB0057,2025-07-25 03:56:48,Hyderabad,Delhi,Completed
B00649,C0097,CAB0016,2025-07-20 09:35:04,Chennai,Tambaram,Completed
B00650,C0017,CAB0021,2025-08-25 08:14:10,Bengaluru,Hyderabad,Cancelled
B00651,C0019,CAB0015,2024-05-26 09:01:37,Hyderabad,Chennai,Completed
B00652,C0044,CAB0038,2025-08-23 21:07:16,Chennai,Tambaram,Cancelled
B00653,C0051,CAB0067,2025-01-02 02:49:01,Hyderabad,Secunderabad,Completed
B00654,C0088,CAB0012,2025-02-09 16:03:48,Delhi,Mumbai,Completed
B00655,C0082,CAB0079,2024-03-30 16:15:23,Kolkata,Ahmedabad,Completed
B00656,C0078,CAB0080,2024-07-17 13:59:58,Mumbai,Kolkata,Completed
B00657,C0100,CAB0002,2024-07-27 23:51:38,Chennai,Bengaluru,Cancelled
B00658,C0002,CAB0077,2024-03-26 17:06:00,Mumbai,Kolkata,Completed
B00659,C0019,CAB0036,2024-07-19 20:40:03,Kolkata,Bengaluru,Completed
B00660,C0020,CAB0065,2024-06-02 04:38:48,Delhi,Gurgaon,Cancelled
B00661,C0032,CAB0050,2025-06-07 06:21:58,Hyderabad,Mumbai,Cancelled
B00662,C0062,CAB0048,2025-08-01 02:23:01,Chennai,Hyderabad,Completed
B00663,C0047,CAB0070,2025-03-24 01:03:49,Kolkata,Mumbai,Ongoing
B00664,C0033,CAB0038,2024-08-30 11:41:44,Mumbai,Chennai,Completed
B00665,C0007,CAB0010,2024-08-01 14:22:08,Delhi,Mumbai,Completed
B00666,C0062,CAB0044,2024-12-10 12:25:59,Kolkata,Ahmedabad,Completed
B00667,C0091,CAB0004,2024-10-10 09:08:39,Delhi,Bengaluru,Cancelled
B00668,C0036,CAB0031,2024-08-21 10:26:28,Ahmedabad,Gandhinagar,Completed
B00669,C0032,CAB0058,2025-03-24 21:53:36,Ahmedabad,Mumbai,Completed
B00670,C0012,CAB0064,2024-08-01 23:40:54,Pune,Pimpri,Completed
B00671,C0074,CAB0025,2024-02-06 17:07:41,Mumbai,Hyderabad,Completed
B00672,C0051,CAB0077,2024-07-29 18:39:11,Chennai,Delhi,Cancelled
B00673,C0040,CAB0028,2024-10-27 04:30:01,Pune,Pimpri,Completed
B00674,C0002,CAB0043,2024-09-26 01:40:55,Delhi,Mumbai,Completed
B00675,C0041,CAB0034,2024-06-28 21:04:26,Bengaluru,Electronic City,Completed
B00676,C0028,CAB0033,2025-08-12 03:42:22,Bengaluru,Hyderabad,Completed
B00677,C0061,CAB0021,2025-07-02 12:01:09,Pune,Chennai,Completed
B00678,C0005,CAB0071,2024-11-20 08:56:04,Kolkata,Salt Lake,Completed
B00679,C0080,CAB0048,2025-01-09 17:41:19,Delhi,Noida,Completed
B00680,C0089,CAB0047,2024-02-28 16:14:22,Ahmedabad,Gandhinagar,Completed
B00681,C0030,CAB0075,2024-03-06 22:07:51,Delhi,Noida,Completed
B00682,C0087,CAB0062,2025-09-13 14:25:08,Maninagar,Ahmedabad,Completed
B00683,C0073,CAB0012,2025-06-08 06:28:21,Kolkata,Delhi,Completed
B00684,C0088,CAB0047,2024-10-24 12:28:09,Kolkata,Hyderabad,Completed
B00685,C0013,CAB0008,2024-08-25 03:58:25,Ahmedabad,Gandhinagar,Completed
B00686,C0017,CAB0001,2025-08-28 10:19:01,Noida,Delhi,Completed
B00687,C0040,CAB0011,2025-06-17 18:47:24,Delhi,Gurgaon,Completed
B00688,C0065,CAB0019,2024-09-02 16:01:00,Kolkata,Hyderabad,Completed
B00689,C0035,CAB0013,2024-10-06 19:35:17,Pune,Hyderabad,Completed
B00690,C0077,CAB0039,2025-06-06 05:20:49,Electronic City,Bengaluru,Completed
B00691,C0002,CAB0006,2024-04-25 09:07:40,Noida,Delhi,Completed
B00692,C0019,CAB0024,2025-09-21 10:11:55,Chennai,Mumbai,Completed
B00693,C0073,CAB0069,2024-01-02 04:38:31,Bengaluru,Chennai,Completed
B00694,C0039,CAB0005,2024-12-03 05:28:08,Chennai,Bengaluru,Completed
B00695,C0063,CAB0079,2024-01-02 14:38:47,Pune,Bengaluru,Completed
B00696,C0041,CAB0021,2024-08-31 03:36:22,Noida,Delhi,Cancelled
B00697,C0064,CAB0076,2024-04-22 04:20:36,Delhi,Mumbai,Completed
B00698,C0005,CAB0020,2024-03-11 09:45:53,Ahmedabad,Gandhinagar,Completed
B00699,C0062,CAB0026,2025-05-29 19:27:46,Electronic City,Bengaluru,Completed
B00700,C0042,CAB0054,2025-08-11 07:49:30,Electronic City,Bengaluru,Completed
B00701,C0025,CAB0033,2025-02-26 00:10:13,Noida,Delhi,Completed
B00702,C0060,CAB0008,2024-11-28 22:01:33,Howrah,Kolkata,Cancelled
B00703,C0081,CAB0080,2024-11-04 14:55:48,Bengaluru,Kolkata,Completed
B00704,C0082,CAB0050,2025-03-11 18:43:36,Hyderabad,Ahmedabad,Completed
B00705,C0084,CAB0029,2025-07-30 20:40:12,Gachibowli,Hyderabad,Ongoing
B00706,C0095,CAB0068,2024-07-15 20:56:47,Delhi,Pune,Completed
B00707,C0046,CAB0025,2024-06-29 08:36:21,Ahmedabad,Kolkata,Completed
B00708,C0068,CAB0030,2025-07-06 08:43:55,Kolkata,Salt Lake,Completed
B00709,C0099,CAB0051,2024-10-05 01:27:12,Hyderabad,Mumbai,Cancelled
B00710,C0034,CAB0030,2025-05-05 18:07:08,Hyderabad,Mumbai,Completed
B00711,C0014,CAB0072,2024-07-05 14:57:39,Delhi,Gurgaon,Completed
B00712,C0047,CAB0038,2025-08-22 12:26:30,Kolkata,Ahmedabad,Completed
B00713,C0065,CAB0023,2025-01-28 13:43:11,Pune,Mumbai,Completed
B00714,C0090,CAB0049,2024-11-27 16:09:53,Chennai,Mumbai,Completed
B00715,C0086,CAB0062,2024-01-31 22:06:32,Electronic City,Bengaluru,Completed
B00716,C0039,CAB0044,2024-03-24 04:15:51,Delhi,Gurgaon,Completed
B00717,C0061,CAB0010,2024-09-09 14:46:43,Noida,Delhi,Completed
B00718,C0069,CAB0060,2025-02-25 04:18:27,Mumbai,Kolkata,Cancelled
B00719,C0007,CAB0053,2025-05-17 21:03:10,Pune,Chennai,Completed
B00720,C0046,CAB0049,2025-08-29 04:35:36,Maninagar,Ahmedabad,Completed
B00721,C0085,CAB0075,2025-03-18 10:58:16,Mumbai,Bengaluru,Completed
B00722,C0007,CAB0003,2025-09-22 21:31:48,Hyderabad,Secunderabad,Completed
B00723,C0012,CAB0069,2025-05-14 04:27:29,Kolkata,Bengaluru,Ongoing
B00724,C0082,CAB0029,2025-06-15 00:54:31,Chennai,Tambaram,Completed
B00725,C0075,CAB0044,2024-08-12 10:20:51,Kolkata,Bengaluru,Ongoing
B00726,C0073,CAB0062,2025-07-04 06:38:31,Ahmedabad,Gandhinagar,Cancelled
B00727,C0044,CAB0080,2025-03-14 06:30:23,Delhi,Pune,Completed
B00728,C0093,CAB0066,2024-02-28 19:06:44,Howrah,Kolkata,Completed
B00729,C0082,CAB0062,2025-09-25 13:42:18,Gachibowli,Hyderabad,Completed
B00730,C0023,CAB0042,2025-09-25 23:20:00,Delhi,Gurgaon,Completed
B00731,C0018,CAB0010,2024-09-28 00:18:11,Bengaluru,Electronic City,Completed
B00732,C0066,CAB0057,2024-05-08 11:31:42,Gachibowli,Hyderabad,Completed
B00733,C0016,CAB0068,2025-03-08 06:05:39,Delhi,Gurgaon,Completed
B00734,C0065,CAB0043,2024-08-04 07:44:56,Chennai,Hyderabad,Ongoing
B00735,C0005,CAB0012,2025-04-03 04:04:53,Gachibowli,Hyderabad,Completed
B00736,C0040,CAB0070,2024-11-21 21:48:03,Pune,Mumbai,Cancelled
B00737,C0022,CAB0026,2025-07-07 21:18:18,Kolkata,Chennai,Completed
B00738,C0048,CAB0032,2024-11-29 14:33:32,Bengaluru,Chennai,Completed
B00739,C0097,CAB0005,2025-09-20 06:44:45,Gachibowli,Hyderabad,Ongoing
B00740,C0051,CAB0024,2025-08-06 12:04:07,Ahmedabad,Delhi,Cancelled
B00741,C0043,CAB0010,2025-05-10 13:38:50,Bengaluru,Ahmedabad,Completed
B00742,C0049,CAB0079,2024-06-10 14:16:02,Hinjewadi,Pune,Completed
B00743,C0051,CAB0023,2025-05-07 09:45:58,Bengaluru,Hyderabad,Completed
B00744,C0026,CAB0055,2025-05-29 18:11:37,Delhi,Noida,Completed
B00745,C0008,CAB0023,2025-03-25 04:41:54,Bengaluru,Kolkata,Cancelled
B00746,C0026,CAB0059,2024-12-09 17:45:49,Maninagar,Ahmedabad,Completed
B00747,C0078,CAB0069,2025-05-08 06:48:42,Chennai,Hyderabad,Completed
B00748,C0028,CAB0003,2024-08-04 19:50:56,Bengaluru,Hyderabad,Completed
B00749,C0019,CAB0067,2025-01-05 20:40:20,Kolkata,Mumbai,Completed
B00750,C0019,CAB0044,2024-09-05 08:16:49,Pune,Mumbai,Cancelled
B00751,C0067,CAB0028,2024-01-01 13:44:06,Mumbai,Pune,Completed
B00752,C0003,CAB0014,2025-03-30 08:05:01,Pune,Kolkata,Completed
B00753,C0075,CAB0022,2024-02-16 13:25:35,Delhi,Noida,Cancelled
B00754,C0036,CAB0069,2025-04-05 07:36:59,Thane,Mumbai,Completed
B00755,C0003,CAB0071,2024-04-27 03:11:20,Maninagar,Ahmedabad,Completed
B00756,C0092,CAB0021,2024-09-20 08:17:52,Kolkata,Ahmedabad,Cancelled
B00757,C0003,CAB0018,2024-05-18 21:07:18,Hinjewadi,Pune,Cancelled
B00758,C0085,CAB0066,2025-05-04 08:41:37,Ahmedabad,Delhi,Cancelled
B00759,C0063,CAB0076,2024-01-24 08:50:22,Mumbai,Pune,Completed
B00760,C0002,CAB0002,2024-04-20 17:25:02,Bengaluru,Chennai,Cancelled
B00761,C0013,CAB0034,2024-02-01 05:45:22,Bengaluru,Hyderabad,Completed
B00762,C0016,CAB0009,2025-04-23 19:55:06,Delhi,Hyderabad,Completed
B00763,C0068,CAB0029,2024-01-05 07:27:00,Gachibowli,Hyderabad,Completed
B00764,C0092,CAB0074,2024-05-19 07:26:42,Bengaluru,Electronic City,Cancelled
B00765,C0010,CAB0049,2024-03-30 01:32:42,Hyderabad,Ahmedabad,Cancelled
B00766,C0006,CAB0034,2025-08-17 17:38:22,Delhi,Gurgaon,Completed
B00767,C0002,CAB0054,2025-03-26 14:39:49,Pune,Mumbai,Completed
B00768,C0004,CAB0045,2025-01-30 10:24:18,Chennai,Bengaluru,Cancelled
B00769,C0082,CAB0050,2024-03-09 12:07:33,Howrah,Kolkata,Completed
B00770,C0093,CAB0056,2025-03-20 18:51:08,Delhi,Ahmedabad,Cancelled
B00771,C0064,CAB0038,2025-07-12 13:21:28,Delhi,Mumbai,Cancelled
B00772,C0076,CAB0072,2025-09-01 02:27:49,Mumbai,Pune,Cancelled
B00773,C0082,CAB0034,2024-09-28 02:13:10,Delhi,Hyderabad,Ongoing
B00774,C0091,CAB0003,2025-02-13 09:06:36,Bengaluru,Kolkata,Completed
B00775,C0029,CAB0004,2024-06-20 08:12:20,Ahmedabad,Gandhinagar,Completed
B00776,C0018,CAB0044,2025-01-10 21:12:16,Kolkata,Ahmedabad,Completed
B00777,C0094,CAB0029,2024-12-15 03:55:05,Hyderabad,Secunderabad,Completed
B00778,C0098,CAB0047,2024-12-18 07:09:58,Pune,Kolkata,Completed
B00779,C0038,CAB0047,2025-06-25 01:44:34,Kolkata,Salt Lake,Completed
B00780,C0026,CAB0017,2024-10-15 23:45:16,Delhi,Noida,Completed
B00781,C0052,CAB0054,2025-01-20 07:59:03,Mumbai,Kolkata,Completed
B00782,C0043,CAB0040,2025-05-23 08:38:05,Tambaram,Chennai,Completed
B00783,C0079,CAB0049,2025-02-23 21:30:47,Ahmedabad,Bengaluru,Completed
B00784,C0020,CAB0076,2025-06-29 22:35:42,Mumbai,Kolkata,Completed
B00785,C0073,CAB0069,2024-04-28 10:18:03,Thane,Mumbai,Completed
B00786,C0007,CAB0040,2024-04-26 00:18:19,Delhi,Ahmedabad,Completed
B00787,C0100,CAB0072,2024-10-08 05:28:52,Delhi,Mumbai,Completed
B00788,C0016,CAB0016,2025-04-12 05:21:56,Mumbai,Navi Mumbai,Completed
B00789,C0070,CAB0058,2025-02-15 17:34:45,Chennai,Bengaluru,Ongoing
B00790,C0033,CAB0079,2025-08-28 13:13:41,Noida,Delhi,Completed
B00791,C0095,CAB0022,2024-10-07 22:52:51,Chennai,Tambaram,Completed
B00792,C0055,CAB0067,2025-02-11 10:24:25,Noida,Delhi,Completed
B00793,C0060,CAB0006,2024-04-13 20:51:37,Kolkata,Delhi,Completed
B00794,C0053,CAB0076,2024-05-11 02:13:03,Pune,Mumbai,Completed
B00795,C0006,CAB0056,2025-05-10 08:57:01,Bengaluru,Hyderabad,Completed
B00796,C0049,CAB0009,2024-01-29 22:00:31,Chennai,Tambaram,Cancelled
B00797,C0012,CAB0067,2024-09-30 00:41:29,Hyderabad,Delhi,Ongoing
B00798,C0034,CAB0053,2025-01-30 09:23:19,Chennai,Delhi,Completed
B00799,C0003,CAB0056,2024-05-30 03:19:06,Pune,Delhi,Completed
B00800,C0013,CAB0073,2024-12-17 18:42:35,Hyderabad,Secunderabad,Completed
