cab_id,vehicle_type,registration_no,driver_id
CAB0001,Sedan,AP65YJ2222,D0001
CAB0002,Sedan,PB99YF9779,D0002
CAB0003,SUV,AP52KJ6299,D0003
CAB0004,Sedan,AP36OW9823,D0004
CAB0005,Sedan,PB58VL7577,D0005
CAB0006,Mini,PB50FO5014,D0006
CAB0007,Sedan,TN11EL8623,D0007
CAB0008,Mini,GJ92RE7304,D0008
CAB0009,SUV,KA35NV3978,D0009
CAB0010,Hatchback,DL91KW1753,D0010
CAB0011,Sedan,AP98FP5020,D0011
CAB0012,SUV,KA77LH9706,D0012
CAB0013,SUV,GJ26KD8962,D0013
CAB0014,Hatchback,AP79UL3848,D0014
CAB0015,SUV,DL23DF7023,D0015
CAB0016,Sedan,WB32RZ6585,D0016
CAB0017,Sedan,KA52QE6043,D0017
CAB0018,Sedan,WB56XZ1380,D0018
CAB0019,Hatchback,GJ15IS5953,D0019
CAB0020,SUV,PB27AD2859,D0020
CAB0021,Hatchback,AP41NI2655,D0021
CAB0022,Hatchback,DL26AN4520,D0022
CAB0023,SUV,DL76GN3513,D0023
CAB0024,Sedan,MH27BM7610,D0024
CAB0025,Sedan,TN62RX8250,D0025
CAB0026,Hatchback,KA28GZ5235,D0026
CAB0027,Sedan,MH13YB1790,D0027
CAB0028,Hatchback,KA60WI2049,D0028
CAB0029,Sedan,AP42GU1151,D0029
CAB0030,Hatchback,MH38CV1986,D0030
CAB0031,Sedan,DL15KT2237,D0031
CAB0032,Sedan,WB25MU3853,D0032
CAB0033,Sedan,WB37TA2711,D0033
CAB0034,SUV,GJ96GK1658,D0034
CAB0035,Sedan,KA85EP9012,D0035
CAB0036,Hatchback,GJ16HQ7054,D0036
CAB0037,Sedan,MH66JW9249,D0037
CAB0038,Sedan,GJ41NF5982,D0038
CAB0039,Sedan,PB62XT5046,D0039
CAB0040,Mini,GJ94LK9440,D0040
CAB0041,Sedan,MH60XJ1665,D0041
CAB0042,SUV,KA45RW5382,D0042
CAB0043,Mini,MH22SO4895,D0043
CAB0044,Sedan,PB11OR1782,D0044
CAB0045,Hatchback,MH68VZ7553,D0045
CAB0046,Hatchback,TN16VF3495,D0046
CAB0047,SUV,AP76YI3965,D0047
CAB0048,Sedan,AP70XS8259,D0048
CAB0049,SUV,KA65QO2187,D0049
CAB0050,Sedan,PB78BK3539,D0050
CAB0051,Sedan,KA49ZN8628,D0051
CAB0052,Sedan,MH75RN7388,D0052
CAB0053,Hatchback,WB67SB4934,D0053
CAB0054,Sedan,PB16KF1775,D0054
CAB0055,Hatchback,KA26YQ3941,D0055
CAB0056,Sedan,GJ82OY8724,D0056
CAB0057,Mini,PB91WA2745,D0057
CAB0058,Sedan,KA55WU3962,D0058
CAB0059,SUV,MH73LN3753,D0059
CAB0060,Sedan,GJ83TG2677,D0060
CAB0061,Sedan,AP63FZ6114,D0061
CAB0062,Sedan,KA15MI4469,D0062
CAB0063,Mini,TN92LS7268,D0063
CAB0064,Sedan,AP93RR2037,D0064
CAB0065,Hatchback,TN85XK8482,D0065
CAB0066,Hatchback,DL81ZS6848,D0066
CAB0067,Sedan,PB88LW4153,D0067
CAB0068,SUV,AP70FZ7775,D0068
CAB0069,Sedan,KA68DT6182,D0069
CAB0070,Sedan,MH81NW1308,D0070
CAB0071,Sedan,DL78ON4370,D0071
CAB0072,SUV,TN15WR7951,D0072
CAB0073,SUV,KA11YZ8241,D0073
CAB0074,SUV,PB22CM6332,D0074
CAB0075,SUV,PB48LP1413,D0075
CAB0076,SUV,DL20US6911,D0076
CAB0077,Hatchback,MH20ZM9906,D0077
CAB0078,Hatchback,GJ79NK6886,D0078
CAB0079,Sedan,GJ69WM3631,D0079
CAB0080,Sedan,MH25BJ9224,D0080
