customer_id,name,phone,email,join_date
C0001,Sanjay Singh,9019011530,sanjay.singh1@example.com,2024-01-24
C0002,Priya Jain,9979721210,priya.jain2@example.com,2025-01-25
C0003,Priyanka Iyer,9187191890,priyanka.iyer3@example.com,2024-07-28
C0004,Simran Kumar,9475433780,simran.kumar4@example.com,2025-01-29
C0005,Suresh Sharma,9527620197,suresh.sharma5@example.com,2024-05-07
C0006,Suresh Joshi,9320518247,suresh.joshi6@example.com,2024-01-31
C0007,Gaurav Kapoor,9024242709,gaurav.kapoor7@example.com,2024-10-26
C0008,Sameer Saxena,9597707927,sameer.saxena8@example.com,2025-07-23
C0009,Nidhi Desai,9441266181,nidhi.desai9@example.com,2025-01-11
C0010,Ankit Kapoor,9351294257,ankit.kapoor10@example.com,2025-07-13
C0011,Suresh Kumar,9630403815,suresh.kumar11@example.com,2024-08-25
C0012,Tanya Kumar,9941631637,tanya.kumar12@example.com,2025-01-23
C0013,Divya Jain,9386293405,divya.jain13@example.com,2025-02-19
C0014,Sakshi Saxena,9875220922,sakshi.saxena14@example.com,2025-02-28
C0015,Suresh Bose,9200123066,suresh.bose15@example.com,2025-07-26
C0016,Deepak Reddy,9648465928,deepak.reddy16@example.com,2024-03-13
C0017,Arjun Kapoor,9669481643,arjun.kapoor17@example.com,2024-08-19
C0018,Anita Nair,9057372640,anita.nair18@example.com,2024-02-26
C0019,Rohit Nair,9467267249,rohit.nair19@example.com,2024-10-14
C0020,Vivek Jain,9328977071,vivek.jain20@example.com,2024-01-21
C0021,Ritu Saxena,9129554495,ritu.saxena21@example.com,2025-03-13
C0022,Harsh Rao,9384189358,harsh.rao22@example.com,2024-09-16
C0023,Deepak Desai,9418998134,deepak.desai23@example.com,2024-10-15
C0024,Rahul Sharma,9600325856,rahul.sharma24@example.com,2025-02-04
C0025,Suresh Chowdhury,9479358109,suresh.chowdhury25@example.com,2024-09-14
C0026,Kunal Iyer,9277289912,kunal.iyer26@example.com,2025-02-16
C0027,Divya Patel,9886528989,divya.patel27@example.com,2025-04-10
C0028,Sanjay Mehta,9515609915,sanjay.mehta28@example.com,2024-06-26
C0029,Lakshmi Reddy,9586970071,lakshmi.reddy29@example.com,2024-08-15
C0030,Meera Bose,9273059562,meera.bose30@example.com,2024-02-27
C0031,Priya Reddy,9399828240,priya.reddy31@example.com,2025-04-10
C0032,Tanya Jain,9954665340,tanya.jain32@example.com,2024-08-30
C0033,Anita Kapoor,9189038995,anita.kapoor33@example.com,2025-02-21
C0034,Isha Bose,9454272086,isha.bose34@example.com,2024-07-04
C0035,Manish Desai,9425968799,manish.desai35@example.com,2025-01-08
C0036,Rohit Verma,9759186921,rohit.verma36@example.com,2024-12-30
C0037,Priyanka Singh,9882431564,priyanka.singh37@example.com,2025-07-06
C0038,Nidhi Jain,9683977578,nidhi.jain38@example.com,2024-03-24
C0039,Aditya Desai,9113295264,aditya.desai39@example.com,2025-06-23
C0040,Manish Kapoor,9025910046,manish.kapoor40@example.com,2024-09-08
C0041,Kavita Chowdhury,9969266049,kavita.chowdhury41@example.com,2025-04-06
C0042,Harsh Bose,9932397976,harsh.bose42@example.com,2025-01-24
C0043,Kavita Verma,9466497534,kavita.verma43@example.com,2024-05-02
C0044,Karan Nath,9203985836,karan.nath44@example.com,2024-12-11
C0045,Priya Joshi,9611136763,priya.joshi45@example.com,2025-06-21
C0046,Asha Verma,9588714082,asha.verma46@example.com,2024-04-20
C0047,Sakshi Nair,9628241785,sakshi.nair47@example.com,2025-04-11
C0048,Rahul Kapoor,9674521737,rahul.kapoor48@example.com,2024-07-12
C0049,Suresh Kapoor,9284263388,suresh.kapoor49@example.com,2024-04-23
C0050,Sneha Bose,9960853380,sneha.bose50@example.com,2024-01-14
C0051,Ritu Desai,9306676598,ritu.desai51@example.com,2024-07-12
C0052,Anita Rao,9974790049,anita.rao52@example.com,2024-04-05
C0053,Sanjay Rao,9366306616,sanjay.rao53@example.com,2024-05-18
C0054,Isha Shah,9152318602,isha.shah54@example.com,2024-07-27
C0055,Mohit Sharma,9580480067,mohit.sharma55@example.com,2024-01-24
C0056,Harsh Patel,9397904377,harsh.patel56@example.com,2024-05-15
C0057,Arjun Patel,9648045932,arjun.patel57@example.com,2025-06-28
C0058,Amit Chowdhury,9970626594,amit.chowdhury58@example.com,2024-03-14
C0059,Anjali Rao,9695890678,anjali.rao59@example.com,2024-05-21
C0060,Shreya Singh,9885988381,shreya.singh60@example.com,2024-11-03
C0061,Anjali Bose,9821597411,anjali.bose61@example.com,2025-04-13
C0062,Sanjay Shah,9050993178,sanjay.shah62@example.com,2024-05-19
C0063,Kunal Mehta,9489649909,kunal.mehta63@example.com,2025-05-15
C0064,Kavita Joshi,9531831401,kavita.joshi64@example.com,2024-03-06
C0065,Priya Chowdhury,9895969067,priya.chowdhury65@example.com,2024-03-09
C0066,Sneha Kumar,9555651022,sneha.kumar66@example.com,2024-12-16
C0067,Sameer Gupta,9104920958,sameer.gupta67@example.com,2025-04-21
C0068,Priyanka Shah,9186506538,priyanka.shah68@example.com,2024-05-08
C0069,Lakshmi Rao,9362672687,lakshmi.rao69@example.com,2025-07-10
C0070,Kunal Nair,9494425249,kunal.nair70@example.com,2024-08-29
C0071,Divya Chowdhury,9229970465,divya.chowdhury71@example.com,2024-02-08
C0072,Sameer Sharma,9803943764,sameer.sharma72@example.com,2024-09-02
C0073,Simran Nair,9647809954,simran.nair73@example.com,2024-05-31
C0074,Deepak Singh,9695564664,deepak.singh74@example.com,2024-07-18
C0075,Vivek Patel,9795382069,vivek.patel75@example.com,2024-12-18
C0076,Anita Gupta,9364569435,anita.gupta76@example.com,2025-03-07
C0077,Sanjay Bose,9128426744,sanjay.bose77@example.com,2024-12-16
C0078,Anjali Patel,9877004362,anjali.patel78@example.com,2024-11-15
C0079,Lakshmi Rao,9132454298,lakshmi.rao79@example.com,2024-12-04
C0080,Rohit Mehta,9399761290,rohit.mehta80@example.com,2024-03-30
C0081,Vikram Gupta,9217518013,vikram.gupta81@example.com,2024-04-14
C0082,Deepak Nair,9496457315,deepak.nair82@example.com,2024-02-07
C0083,Sneha Chowdhury,9685874422,sneha.chowdhury83@example.com,2024-09-03
C0084,Vivek Sharma,9058595716,vivek.sharma84@example.com,2024-03-03
C0085,Harsh Nath,9815264706,harsh.nath85@example.com,2024-01-06
C0086,Gaurav Sharma,9389819185,gaurav.sharma86@example.com,2024-10-09
C0087,Priyanka Mehta,9000983916,priyanka.mehta87@example.com,2024-08-03
C0088,Mohit Joshi,9344119455,mohit.joshi88@example.com,2024-11-25
C0089,Rohit Mehta,9768533340,rohit.mehta89@example.com,2025-05-22
C0090,Gaurav Verma,9070460909,gaurav.verma90@example.com,2025-04-13
C0091,Gaurav Nath,9217390314,gaurav.nath91@example.com,2024-01-07
C0092,Sneha Shah,9668032151,sneha.shah92@example.com,2025-02-19
C0093,Anjali Kumar,9170366359,anjali.kumar93@example.com,2024-09-19
C0094,Neha Mehta,9686737978,neha.mehta94@example.com,2025-07-12
C0095,Ritu Verma,9959471847,ritu.verma95@example.com,2024-10-06
C0096,Tanya Bose,9122146478,tanya.bose96@example.com,2025-03-25
C0097,Anita Kapoor,9418980757,anita.kapoor97@example.com,2025-02-16
C0098,Vikram Joshi,9030311665,vikram.joshi98@example.com,2025-07-11
C0099,Kavita Singh,9439825548,kavita.singh99@example.com,2025-05-20
C0100,Rohit Mehta,9870603142,rohit.mehta100@example.com,2024-07-23
