driver_id,name,phone,rating
D0001,Nidhi Nath,8924718135,4.44
D0002,Tanya Singh,8791776441,3.6
D0003,Gaurav Iyer,8088842747,4.92
D0004,Nidhi Bose,8337881611,4.04
D0005,Manish Mehta,8964362332,3.84
D0006,Divya Singh,8044832099,4.64
D0007,Harsh Nair,8573228672,4.63
D0008,Deepak Patel,8277552331,3.88
D0009,Arjun Verma,8574398615,4.21
D0010,Shreya Nair,8633542292,3.08
D0011,Meera Kapoor,8874636611,4.78
D0012,Deepak Chowdhury,8900101743,4.7
D0013,Arjun Patel,8191159054,4.68
D0014,Rahul Desai,8791671727,3.19
D0015,Nidhi Gupta,8588038390,4.03
D0016,Rahul Jain,8520302314,4.2
D0017,Kavita Nair,8514456210,4.4
D0018,Divya Iyer,8809216785,4.34
D0019,Anita Bose,8969064599,4.86
D0020,Isha Kumar,8859714867,3.43
D0021,Vivek Joshi,8318367944,4.1
D0022,Pooja Chowdhury,8651475417,3.87
D0023,Pooja Shah,8499572398,4.3
D0024,Neha Nair,8550594737,4.48
D0025,Priya Mehta,8719513458,4.86
D0026,Meera Reddy,8084945867,3.97
D0027,Deepak Iyer,8260474849,4.54
D0028,Anita Bose,8848586249,3.29
D0029,Nidhi Patel,8120155988,4.11
D0030,Priya Singh,8497857630,4.73
D0031,Rahul Nath,8686495816,4.0
D0032,Isha Sharma,8460897142,4.37
D0033,Priyanka Kapoor,8206600550,4.72
D0034,Harsh Jain,8316989296,4.72
D0035,Manish Nath,8974077920,4.63
D0036,Shreya Kumar,8721436936,4.14
D0037,Deepak Sharma,8832358455,4.26
D0038,Divya Joshi,8988240951,4.04
D0039,Maya Rao,8210053200,4.62
D0040,Gaurav Saxena,8552727458,5.0
D0041,Sameer Saxena,8417403787,4.24
D0042,Arjun Mehta,8484937644,3.92
D0043,Simran Verma,8098290115,4.22
D0044,Aditya Mehta,8695474389,3.16
D0045,Ankit Joshi,8075888126,4.32
D0046,Kavita Gupta,8181198875,3.75
D0047,Priyanka Gupta,8830443222,4.13
D0048,Mohit Kumar,8807632466,4.21
D0049,Suresh Verma,8258548256,4.58
D0050,Neha Chowdhury,8881808263,4.31
D0051,Asha Nair,8291793716,4.62
D0052,Vikram Kapoor,8992128846,3.48
D0053,Kavita Verma,8360101766,3.5
D0054,Maya Nath,8494224438,4.15
D0055,Mohit Iyer,8951194756,3.93
D0056,Asha Nath,8054422009,4.13
D0057,Amit Sharma,8457245511,4.38
D0058,Amit Rao,8754699939,4.18
D0059,Priya Gupta,8286408983,4.48
D0060,Vikram Bose,8638677011,4.97
D0061,Pooja Bose,8849471841,3.71
D0062,Arjun Gupta,8580510078,4.16
D0063,Mohit Chowdhury,8001753252,4.35
D0064,Amit Mehta,8718314424,4.1
D0065,Priya Sharma,8712317077,4.72
D0066,Gaurav Bose,8392359124,3.0
D0067,Sameer Saxena,8684461249,5.0
D0068,Kunal Chowdhury,8963369348,3.63
D0069,Kavita Jain,8325438349,4.31
D0070,Suresh Shah,8970136095,4.55
D0071,Sameer Gupta,8689141502,3.81
D0072,Kunal Chowdhury,8523357556,4.43
D0073,Rohan Mehta,8698911720,4.55
D0074,Nidhi Desai,8824748403,4.46
D0075,Ritu Jain,8188660378,3.74
D0076,Ravi Sharma,8396361101,5.0
D0077,Asha Joshi,8038789622,4.31
D0078,Vikram Jain,8352184236,3.62
D0079,Kunal Sharma,8313079287,4.52
D0080,Anita Chowdhury,8499934590,4.22
